idv,org_uuid,flag,timestamp
MXBmyk0e,ecd989a9-7dce-48cb-9da5-26e2627c4af2,dc,1543644387858
MaYWeEO8,ecd989a9-7dce-48cb-9da5-26e2627c4af2,dc,1545976515717
MbdVnC4k,ecd989a9-7dce-48cb-9da5-26e2627c4af2,dc,1546668205001
Mll65lQ6,ecd989a9-7dce-48cb-9da5-26e2627c4af2,dc,1553660563250
MVInVRST,ecd989a9-7dce-48cb-9da5-26e2627c4af2,dc,1542348338274
MfVCgfvD,ecd989a9-7dce-48cb-9da5-26e2627c4af2,dc,1549340992301
MgEWP5D8,ecd989a9-7dce-48cb-9da5-26e2627c4af2,dc,1549858047907
MpGfogYp,ecd989a9-7dce-48cb-9da5-26e2627c4af2,dc,1556081848601
MXBpYEvG,ecd989a9-7dce-48cb-9da5-26e2627c4af2,dc,1543643082054
MXBtH-xF,ecd989a9-7dce-48cb-9da5-26e2627c4af2,dc,1543643043060
Ma9AclEd,ecd989a9-7dce-48cb-9da5-26e2627c4af2,dc,1546324031049
Mhi9hu08,ecd989a9-7dce-48cb-9da5-26e2627c4af2,dc,1550895695728
MXBpfKG_,ecd989a9-7dce-48cb-9da5-26e2627c4af2,dc,1543643061526
MXBtBHmz,ecd989a9-7dce-48cb-9da5-26e2627c4af2,dc,1543644353419
McSPg8BV,ecd989a9-7dce-48cb-9da5-26e2627c4af2,dc,1547272861572
MggGnQrM,ecd989a9-7dce-48cb-9da5-26e2627c4af2,dc,1550119635627
MaRDyrU7,ecd989a9-7dce-48cb-9da5-26e2627c4af2,dc,1545891448768
Mjfthj2z,ecd989a9-7dce-48cb-9da5-26e2627c4af2,dc,1552189752534
ce2041eea39ad486e748df211b0c5628,ecd989a9-7dce-48cb-9da5-26e2627c4af2,dc,1549426258060
8804321a296f522ab76b09ebc4de13c1,ecd989a9-7dce-48cb-9da5-26e2627c4af2,dc,1542520472175
MXBrH59h,ecd989a9-7dce-48cb-9da5-26e2627c4af2,dc,1543644289372
MdqJ1rS3,ecd989a9-7dce-48cb-9da5-26e2627c4af2,dc,1548217610370
MXBspUEe,ecd989a9-7dce-48cb-9da5-26e2627c4af2,dc,1543645386152
MbdXh2xh,ecd989a9-7dce-48cb-9da5-26e2627c4af2,dc,1546668118192
MjHD03jG,ecd989a9-7dce-48cb-9da5-26e2627c4af2,dc,1551931006823
MXBnXvdb,ecd989a9-7dce-48cb-9da5-26e2627c4af2,dc,1543643123565
MbdURDZu,ecd989a9-7dce-48cb-9da5-26e2627c4af2,dc,1546669419856
Ml_6Q1VK,ecd989a9-7dce-48cb-9da5-26e2627c4af2,dc,1553919448584
MXBq4UQU,ecd989a9-7dce-48cb-9da5-26e2627c4af2,dc,1543644407388
MfP25mUq,ecd989a9-7dce-48cb-9da5-26e2627c4af2,dc,1549340959484
MiMjVvt6,ecd989a9-7dce-48cb-9da5-26e2627c4af2,dc,1551326984747
MXBl-con,ecd989a9-7dce-48cb-9da5-26e2627c4af2,dc,1543644344080
Me4vEWlx,ecd989a9-7dce-48cb-9da5-26e2627c4af2,dc,1549082419652
MhVSpRa9,ecd989a9-7dce-48cb-9da5-26e2627c4af2,dc,1550721142954
MVFDDJQm,ecd989a9-7dce-48cb-9da5-26e2627c4af2,dc,1542347054782
MVOWFjg5,ecd989a9-7dce-48cb-9da5-26e2627c4af2,dc,1542433683096
MjvdSl1B,ecd989a9-7dce-48cb-9da5-26e2627c4af2,dc,1552362418664
MbdY0hzA,ecd989a9-7dce-48cb-9da5-26e2627c4af2,dc,1546669568777
MfrzSBZy,ecd989a9-7dce-48cb-9da5-26e2627c4af2,dc,1549599314971
Mie1-hp8,ecd989a9-7dce-48cb-9da5-26e2627c4af2,dc,1551498988830
MXBn8KR1,ecd989a9-7dce-48cb-9da5-26e2627c4af2,dc,1543643050931
MhikryK8,ecd989a9-7dce-48cb-9da5-26e2627c4af2,dc,1550894580053
MksjZ1qj,ecd989a9-7dce-48cb-9da5-26e2627c4af2,dc,1553055518613
MejLl7x0,ecd989a9-7dce-48cb-9da5-26e2627c4af2,dc,1548823207062
MfVFXoRe,ecd989a9-7dce-48cb-9da5-26e2627c4af2,dc,1549341058749
Mll7zU2Z,ecd989a9-7dce-48cb-9da5-26e2627c4af2,dc,1553660237134
MXBnCbe9,ecd989a9-7dce-48cb-9da5-26e2627c4af2,dc,1543644344325
MZ9j0gbY,ecd989a9-7dce-48cb-9da5-26e2627c4af2,dc,1545632110609
MfVCnt3m,ecd989a9-7dce-48cb-9da5-26e2627c4af2,dc,1549342181116
MbdSEItK,ecd989a9-7dce-48cb-9da5-26e2627c4af2,dc,1546669434366
MfVEALlT,ecd989a9-7dce-48cb-9da5-26e2627c4af2,dc,1549341064982
MiyfKhkJ,ecd989a9-7dce-48cb-9da5-26e2627c4af2,dc,1551758091984
MXBtIZyl,ecd989a9-7dce-48cb-9da5-26e2627c4af2,dc,1543644361626
Mj0fY5Su,ecd989a9-7dce-48cb-9da5-26e2627c4af2,dc,1552450653429
MkRkvGh7,ecd989a9-7dce-48cb-9da5-26e2627c4af2,dc,1552710507293
LWw0eUKy,ecd989a9-7dce-48cb-9da5-26e2627c4af2,dc,1542346736162
Mc00a3DD,ecd989a9-7dce-48cb-9da5-26e2627c4af2,dc,1547619862743
Mg1wQ5z2,ecd989a9-7dce-48cb-9da5-26e2627c4af2,dc,1550375081010
MU8LPSnF,ecd989a9-7dce-48cb-9da5-26e2627c4af2,dc,1542260700945
MVm4DvQV,ecd989a9-7dce-48cb-9da5-26e2627c4af2,dc,1542692569343
MXBoxaiW,ecd989a9-7dce-48cb-9da5-26e2627c4af2,dc,1543643027977
MhyHx9Tx,ecd989a9-7dce-48cb-9da5-26e2627c4af2,dc,1551068174907
MiGi43Dp,ecd989a9-7dce-48cb-9da5-26e2627c4af2,dc,1551241087048
MiKipyKE,ecd989a9-7dce-48cb-9da5-26e2627c4af2,dc,1551326824031
MVJaoTsT,ecd989a9-7dce-48cb-9da5-26e2627c4af2,dc,1542348255665
MXBnlZuv,ecd989a9-7dce-48cb-9da5-26e2627c4af2,dc,1543643039271
MXBoeDdU,ecd989a9-7dce-48cb-9da5-26e2627c4af2,dc,1543643065168
MaV2GYy5,ecd989a9-7dce-48cb-9da5-26e2627c4af2,dc,1545891363569
uap_d0341eaf4927b55257c92989b84790a2,ecd989a9-7dce-48cb-9da5-26e2627c4af2,dc,1556166748323
Mhins4Pl,ecd989a9-7dce-48cb-9da5-26e2627c4af2,dc,1550894628585
e01ecd71c75a8bf6b8b99ce5680b8323,ecd989a9-7dce-48cb-9da5-26e2627c4af2,dc,1542347094886
751672af2f0cb3d115a0f234a69f2b25,ecd989a9-7dce-48cb-9da5-26e2627c4af2,dc,1542519225247
MpjaIzh6,ecd989a9-7dce-48cb-9da5-26e2627c4af2,dc,1556339038260
5d1574134d44f5b20bb5861a1d1e2555,ecd989a9-7dce-48cb-9da5-26e2627c4af2,dc,1548647229593
Mhi_4kxx,ecd989a9-7dce-48cb-9da5-26e2627c4af2,dc,1550894243059
0dd1128ea6d6b06a87429c251448e255,ecd989a9-7dce-48cb-9da5-26e2627c4af2,dc,1542346370694
MahliBU3,ecd989a9-7dce-48cb-9da5-26e2627c4af2,dc,1546064158120
MjwiGxP0,ecd989a9-7dce-48cb-9da5-26e2627c4af2,dc,1552362481860
d9e4664752ad24a34d9178837ee917c0,ecd989a9-7dce-48cb-9da5-26e2627c4af2,dc,1545890117597
MVHNnrID,ecd989a9-7dce-48cb-9da5-26e2627c4af2,dc,1542349200011
a0ce533a5e3a0c6d3c1251b010e21db8,ecd989a9-7dce-48cb-9da5-26e2627c4af2,dc,1542521367650
MXBsonEC,ecd989a9-7dce-48cb-9da5-26e2627c4af2,dc,1543644396140
MdsBrqgO,ecd989a9-7dce-48cb-9da5-26e2627c4af2,dc,1548216584925
MS_r-D1E,ecd989a9-7dce-48cb-9da5-26e2627c4af2,dc,1540878222373
Mfa8WFk6,ecd989a9-7dce-48cb-9da5-26e2627c4af2,dc,1549427441652
MTWyZwt4,ecd989a9-7dce-48cb-9da5-26e2627c4af2,dc,1541137651913
MhBYJtum,ecd989a9-7dce-48cb-9da5-26e2627c4af2,dc,1550548367651
MfVDCLyM,ecd989a9-7dce-48cb-9da5-26e2627c4af2,dc,1549339419331
Mhin1tgV,ecd989a9-7dce-48cb-9da5-26e2627c4af2,dc,1550895578233
Me6ixWIQ,ecd989a9-7dce-48cb-9da5-26e2627c4af2,dc,1549080833583
MkGk2brJ,ecd989a9-7dce-48cb-9da5-26e2627c4af2,dc,1552625022446
MVInMkTs,ecd989a9-7dce-48cb-9da5-26e2627c4af2,dc,1542347248628
Mie1zawq,ecd989a9-7dce-48cb-9da5-26e2627c4af2,dc,1551499003401
MXBsDfdn,ecd989a9-7dce-48cb-9da5-26e2627c4af2,dc,1543643045593
MpVLxC9Y,ecd989a9-7dce-48cb-9da5-26e2627c4af2,dc,1556253663098
MXBoSTn6,ecd989a9-7dce-48cb-9da5-26e2627c4af2,dc,1543644325114
MmDizPNz,ecd989a9-7dce-48cb-9da5-26e2627c4af2,dc,1554004079651
MX-xWeg8,ecd989a9-7dce-48cb-9da5-26e2627c4af2,dc,1544336524615
MmIBUCzz,ecd989a9-7dce-48cb-9da5-26e2627c4af2,dc,1554005746201
MVIoBMOh,ecd989a9-7dce-48cb-9da5-26e2627c4af2,dc,1542347087329
MguU6RUZ,ecd989a9-7dce-48cb-9da5-26e2627c4af2,dc,1550289078812
MbdbNoq4,ecd989a9-7dce-48cb-9da5-26e2627c4af2,dc,1546668128068
MlvXkf5N,ecd989a9-7dce-48cb-9da5-26e2627c4af2,dc,1553747263963
Mg668inK,ecd989a9-7dce-48cb-9da5-26e2627c4af2,dc,1550462789432
MhNhTZzg,ecd989a9-7dce-48cb-9da5-26e2627c4af2,dc,1550635483677
MahY73QJ,ecd989a9-7dce-48cb-9da5-26e2627c4af2,dc,1546064227131
Mhikxzed,ecd989a9-7dce-48cb-9da5-26e2627c4af2,dc,1550895830226
MURYg3DG,ecd989a9-7dce-48cb-9da5-26e2627c4af2,dc,1541747011600
MXBsHDc_,ecd989a9-7dce-48cb-9da5-26e2627c4af2,dc,1543643068959
MXBpyziN,ecd989a9-7dce-48cb-9da5-26e2627c4af2,dc,1543644322643
Mll74akK,ecd989a9-7dce-48cb-9da5-26e2627c4af2,dc,1553660520092
MXKEq-Rk,ecd989a9-7dce-48cb-9da5-26e2627c4af2,dc,1543729373027
Mis0mnM1,ecd989a9-7dce-48cb-9da5-26e2627c4af2,dc,1551670910266
MZRLIJBp,ecd989a9-7dce-48cb-9da5-26e2627c4af2,dc,1545198803195
Mksk734z,ecd989a9-7dce-48cb-9da5-26e2627c4af2,dc,1553055440065
Mc4pjUIQ,ecd989a9-7dce-48cb-9da5-26e2627c4af2,dc,1547698532495
MlcldHWn,ecd989a9-7dce-48cb-9da5-26e2627c4af2,dc,1553574247263
MaufunOw,ecd989a9-7dce-48cb-9da5-26e2627c4af2,dc,1546237025087
MhCgkYTW,ecd989a9-7dce-48cb-9da5-26e2627c4af2,dc,1550549371355
MYUIQ3iq,ecd989a9-7dce-48cb-9da5-26e2627c4af2,dc,1544508684983
Ml_cVhkr,ecd989a9-7dce-48cb-9da5-26e2627c4af2,dc,1553918074071
MXBoDpkZ,ecd989a9-7dce-48cb-9da5-26e2627c4af2,dc,1543644392112
MhjAMlY3,ecd989a9-7dce-48cb-9da5-26e2627c4af2,dc,1550895618340
MXBn20CE,ecd989a9-7dce-48cb-9da5-26e2627c4af2,dc,1543643057839
MpPwE_7z,ecd989a9-7dce-48cb-9da5-26e2627c4af2,dc,1556166533230
MTmRtmma,ecd989a9-7dce-48cb-9da5-26e2627c4af2,dc,1541310166259
MZW2E4Ew,ecd989a9-7dce-48cb-9da5-26e2627c4af2,dc,1545286644880
MXBq06Di,ecd989a9-7dce-48cb-9da5-26e2627c4af2,dc,1543644378217
MkOBYAtz,ecd989a9-7dce-48cb-9da5-26e2627c4af2,dc,1552708879876
MXBmORd9,ecd989a9-7dce-48cb-9da5-26e2627c4af2,dc,1543644363609
MgXhyhWf,ecd989a9-7dce-48cb-9da5-26e2627c4af2,dc,1550031203501
MXBo5wBK,ecd989a9-7dce-48cb-9da5-26e2627c4af2,dc,1543644410406
MgVM5ye9,ecd989a9-7dce-48cb-9da5-26e2627c4af2,dc,1550030641369
MV-GwCGj,ecd989a9-7dce-48cb-9da5-26e2627c4af2,dc,1546836605000
MXBqa1Ge,ecd989a9-7dce-48cb-9da5-26e2627c4af2,dc,1543643058224
MZRLS-P-,ecd989a9-7dce-48cb-9da5-26e2627c4af2,dc,1545198714741
Md8brDCZ,ecd989a9-7dce-48cb-9da5-26e2627c4af2,dc,1548392538625
MbdR8G6E,ecd989a9-7dce-48cb-9da5-26e2627c4af2,dc,1546668044304
MpGqTSbs,ecd989a9-7dce-48cb-9da5-26e2627c4af2,dc,1556081823693
MgrA8P-v,ecd989a9-7dce-48cb-9da5-26e2627c4af2,dc,1550288997845
Mhio2nEr,ecd989a9-7dce-48cb-9da5-26e2627c4af2,dc,1550895715215
Ma04NioU,ecd989a9-7dce-48cb-9da5-26e2627c4af2,dc,1546235573101
MpK22way,ecd989a9-7dce-48cb-9da5-26e2627c4af2,dc,1556083293438
MVIoKqNV,ecd989a9-7dce-48cb-9da5-26e2627c4af2,dc,1542347177876
Mbfi7L1A,ecd989a9-7dce-48cb-9da5-26e2627c4af2,dc,1546756255728
MU9cuGSP,ecd989a9-7dce-48cb-9da5-26e2627c4af2,dc,1542261942105
MXBn4Iov,ecd989a9-7dce-48cb-9da5-26e2627c4af2,dc,1543643028211
MVOPwn2x,ecd989a9-7dce-48cb-9da5-26e2627c4af2,dc,1542433489976
MYtIKHct,ecd989a9-7dce-48cb-9da5-26e2627c4af2,dc,1544769051243
MmG9xZWw,ecd989a9-7dce-48cb-9da5-26e2627c4af2,dc,1554005712512
MmcnPu2T,ecd989a9-7dce-48cb-9da5-26e2627c4af2,dc,1554264728767
MhEyfwYE,ecd989a9-7dce-48cb-9da5-26e2627c4af2,dc,1550548116282
MksjNQBZ,ecd989a9-7dce-48cb-9da5-26e2627c4af2,dc,1553055265581
MhGDWAhc,ecd989a9-7dce-48cb-9da5-26e2627c4af2,dc,1550548370381
Mhinse_Z,ecd989a9-7dce-48cb-9da5-26e2627c4af2,dc,1550894628586
MXBsZVsq,ecd989a9-7dce-48cb-9da5-26e2627c4af2,dc,1543644353947
MYPVkd0O,ecd989a9-7dce-48cb-9da5-26e2627c4af2,dc,1544508934847
MjT2MUDb,ecd989a9-7dce-48cb-9da5-26e2627c4af2,dc,1552104464845
MksjGLmx,ecd989a9-7dce-48cb-9da5-26e2627c4af2,dc,1553053950076
MX0G80dX,ecd989a9-7dce-48cb-9da5-26e2627c4af2,dc,1544162785865
MXBnSXrV,ecd989a9-7dce-48cb-9da5-26e2627c4af2,dc,1543644374054
MXBnbgR0,ecd989a9-7dce-48cb-9da5-26e2627c4af2,dc,1543644372286
MabmAA-b,ecd989a9-7dce-48cb-9da5-26e2627c4af2,dc,1545978037558
MXBoWINU,ecd989a9-7dce-48cb-9da5-26e2627c4af2,dc,1543643035252
MattCs1V,ecd989a9-7dce-48cb-9da5-26e2627c4af2,dc,1546149185330
MVHTcQYk,ecd989a9-7dce-48cb-9da5-26e2627c4af2,dc,1542347074214
MXBo95_2,ecd989a9-7dce-48cb-9da5-26e2627c4af2,dc,1543644385274
MX06SpJa,ecd989a9-7dce-48cb-9da5-26e2627c4af2,dc,1544162820602
MXBsO7tO,ecd989a9-7dce-48cb-9da5-26e2627c4af2,dc,1543643130833
MXBnIflo,ecd989a9-7dce-48cb-9da5-26e2627c4af2,dc,1543643043350
MZZ4lOuV,ecd989a9-7dce-48cb-9da5-26e2627c4af2,dc,1545286691767
MXBmkCMo,ecd989a9-7dce-48cb-9da5-26e2627c4af2,dc,1543644439054
MXBrmiha,ecd989a9-7dce-48cb-9da5-26e2627c4af2,dc,1543644363460
MXBsvDY2,ecd989a9-7dce-48cb-9da5-26e2627c4af2,dc,1543643124268
MXMzaWQZ,ecd989a9-7dce-48cb-9da5-26e2627c4af2,dc,1543817676545
MXBojP81,ecd989a9-7dce-48cb-9da5-26e2627c4af2,dc,1543643054973
MXBrR7ra,ecd989a9-7dce-48cb-9da5-26e2627c4af2,dc,1543643097911
MXBnpcg7,ecd989a9-7dce-48cb-9da5-26e2627c4af2,dc,1543644362899
MXBrVp56,ecd989a9-7dce-48cb-9da5-26e2627c4af2,dc,1543643032579
MXBmSdm_,ecd989a9-7dce-48cb-9da5-26e2627c4af2,dc,1543644359131
MXBmniQg,ecd989a9-7dce-48cb-9da5-26e2627c4af2,dc,1543644413229
uap_8617cee7a0cf54e65c2d2a3209ceb101,ecd989a9-7dce-48cb-9da5-26e2627c4af2,dc,1553054143693
uap_4371dcb9afda0fcf17aa1170b6533e0d,ecd989a9-7dce-48cb-9da5-26e2627c4af2,dc,1556166763904
uap_a4d9b2d972f5dcb67b2fa5726c0aa0d3,ecd989a9-7dce-48cb-9da5-26e2627c4af2,dc,1556165040409
fd54a2cb26be7830bee5fc465bb827cc,ecd989a9-7dce-48cb-9da5-26e2627c4af2,dc,1542780908424
cc448a89b4c8f86ff4ba6a7dc5eecade,ecd989a9-7dce-48cb-9da5-26e2627c4af2,dc,1547274553752
b274fda53bf912ce767130af3994e45b,ecd989a9-7dce-48cb-9da5-26e2627c4af2,dc,1542261761990
MVmHRmq4,ecd989a9-7dce-48cb-9da5-26e2627c4af2,dc,1542692294963
MXBqlkRo,ecd989a9-7dce-48cb-9da5-26e2627c4af2,dc,1543644345407
MmStuxxg,ecd989a9-7dce-48cb-9da5-26e2627c4af2,dc,1554177222031
Me6ybiPc,ecd989a9-7dce-48cb-9da5-26e2627c4af2,dc,1549082462011
MpVLm7eS,ecd989a9-7dce-48cb-9da5-26e2627c4af2,dc,1556251900502
MXBox5Xc,ecd989a9-7dce-48cb-9da5-26e2627c4af2,dc,1543643036831
MVlk_Wub,ecd989a9-7dce-48cb-9da5-26e2627c4af2,dc,1542692445688
Mkslqrmt,ecd989a9-7dce-48cb-9da5-26e2627c4af2,dc,1553053715202
Mll8umVV,ecd989a9-7dce-48cb-9da5-26e2627c4af2,dc,1553659151770
MaYW133A,ecd989a9-7dce-48cb-9da5-26e2627c4af2,dc,1545978015310
MXBmRn6z,ecd989a9-7dce-48cb-9da5-26e2627c4af2,dc,1543643037088
MVvDJh0q,ecd989a9-7dce-48cb-9da5-26e2627c4af2,dc,1542779885851
MXBqabgi,ecd989a9-7dce-48cb-9da5-26e2627c4af2,dc,1543644367542
MXBnmNlg,ecd989a9-7dce-48cb-9da5-26e2627c4af2,dc,1543643065461
Mi0cbgnV,ecd989a9-7dce-48cb-9da5-26e2627c4af2,dc,1551757976358
MXBnEtio,ecd989a9-7dce-48cb-9da5-26e2627c4af2,dc,1543643076950
MXBrLJyg,ecd989a9-7dce-48cb-9da5-26e2627c4af2,dc,1543643133131
MhinJhP2,ecd989a9-7dce-48cb-9da5-26e2627c4af2,dc,1550895605332
MXBo96vN,ecd989a9-7dce-48cb-9da5-26e2627c4af2,dc,1543643070600
Mhkr8HF9,ecd989a9-7dce-48cb-9da5-26e2627c4af2,dc,1550895795482
MXQVuLCY,ecd989a9-7dce-48cb-9da5-26e2627c4af2,dc,1543817750397
MdciNxH6,ecd989a9-7dce-48cb-9da5-26e2627c4af2,dc,1548043419638
MbdXnrK5,ecd989a9-7dce-48cb-9da5-26e2627c4af2,dc,1546669484480
MiyfNGma,ecd989a9-7dce-48cb-9da5-26e2627c4af2,dc,1551758049583
MmNbeJq1,ecd989a9-7dce-48cb-9da5-26e2627c4af2,dc,1554090665079
MYPVO624,ecd989a9-7dce-48cb-9da5-26e2627c4af2,dc,1544507742930
MZRLNYf8,ecd989a9-7dce-48cb-9da5-26e2627c4af2,dc,1545199994704
Mhi8RITp,ecd989a9-7dce-48cb-9da5-26e2627c4af2,dc,1550895806385
Mhi7nkLE,ecd989a9-7dce-48cb-9da5-26e2627c4af2,dc,1550894358510
MiVE6tz3,ecd989a9-7dce-48cb-9da5-26e2627c4af2,dc,1551411833638
MXBoWlwO,ecd989a9-7dce-48cb-9da5-26e2627c4af2,dc,1543644346812
Mi6zBY4x,ecd989a9-7dce-48cb-9da5-26e2627c4af2,dc,1551844480163
MhSg5D79,ecd989a9-7dce-48cb-9da5-26e2627c4af2,dc,1550721136058
MjaIJs5e,ecd989a9-7dce-48cb-9da5-26e2627c4af2,dc,1552189685494
MXBs211g,ecd989a9-7dce-48cb-9da5-26e2627c4af2,dc,1543644385898
MbdYrA5N,ecd989a9-7dce-48cb-9da5-26e2627c4af2,dc,1546667942929
Mdzg9eQg,ecd989a9-7dce-48cb-9da5-26e2627c4af2,dc,1548304803357
Mp_qNeqt,ecd989a9-7dce-48cb-9da5-26e2627c4af2,dc,1556683485091
MXBpvdTD,ecd989a9-7dce-48cb-9da5-26e2627c4af2,dc,1543643055142
MboFqKPJ,ecd989a9-7dce-48cb-9da5-26e2627c4af2,dc,1546841814258
MYPVEstp,ecd989a9-7dce-48cb-9da5-26e2627c4af2,dc,1544507382308
MZRLQ_qm,ecd989a9-7dce-48cb-9da5-26e2627c4af2,dc,1545198743177
MVInb9os,ecd989a9-7dce-48cb-9da5-26e2627c4af2,dc,1542347083686
MXBr8vrT,ecd989a9-7dce-48cb-9da5-26e2627c4af2,dc,1543643054801
Mll50ru_,ecd989a9-7dce-48cb-9da5-26e2627c4af2,dc,1553660420812
MZ3aExI3,ecd989a9-7dce-48cb-9da5-26e2627c4af2,dc,1545630817393
MdjzPjQu,ecd989a9-7dce-48cb-9da5-26e2627c4af2,dc,1548130401236
MksjBNr6,ecd989a9-7dce-48cb-9da5-26e2627c4af2,dc,1553053715449
MUlF9CLJ,ecd989a9-7dce-48cb-9da5-26e2627c4af2,dc,1542001678557
MYNPz6Db,ecd989a9-7dce-48cb-9da5-26e2627c4af2,dc,1544507284600
Mom7X20o,ecd989a9-7dce-48cb-9da5-26e2627c4af2,dc,1555732528909
MUY9osY3,ecd989a9-7dce-48cb-9da5-26e2627c4af2,dc,1541828847607
MU8IsXrF,ecd989a9-7dce-48cb-9da5-26e2627c4af2,dc,1542260883356
Mh36s-WV,ecd989a9-7dce-48cb-9da5-26e2627c4af2,dc,1551067874191
Mfay1agu,ecd989a9-7dce-48cb-9da5-26e2627c4af2,dc,1549427295041
MXBpr5ps,ecd989a9-7dce-48cb-9da5-26e2627c4af2,dc,1543644377367
MpFakL4D,ecd989a9-7dce-48cb-9da5-26e2627c4af2,dc,1556080114273
MgEWS_DL,ecd989a9-7dce-48cb-9da5-26e2627c4af2,dc,1549857748120
MWI5HdCP,ecd989a9-7dce-48cb-9da5-26e2627c4af2,dc,1543039318066
MaXXNTt7,ecd989a9-7dce-48cb-9da5-26e2627c4af2,dc,1545976589906
MXBqe31i,ecd989a9-7dce-48cb-9da5-26e2627c4af2,dc,1543645384897
Mhi8SV76,ecd989a9-7dce-48cb-9da5-26e2627c4af2,dc,1550895836629
MaxxAlvY,ecd989a9-7dce-48cb-9da5-26e2627c4af2,dc,1546235791359
Md74DAKp,ecd989a9-7dce-48cb-9da5-26e2627c4af2,dc,1548390948661
Me7Mwsz4,ecd989a9-7dce-48cb-9da5-26e2627c4af2,dc,1549080815151
MiI4X7rI,ecd989a9-7dce-48cb-9da5-26e2627c4af2,dc,1551325741546
MXBneZh3,ecd989a9-7dce-48cb-9da5-26e2627c4af2,dc,1543644379973
MXBmVbmI,ecd989a9-7dce-48cb-9da5-26e2627c4af2,dc,1543643066444
Ml_5k7I-,ecd989a9-7dce-48cb-9da5-26e2627c4af2,dc,1553919679020
MfVFaGrm,ecd989a9-7dce-48cb-9da5-26e2627c4af2,dc,1549341256227
MhLgsZvd,ecd989a9-7dce-48cb-9da5-26e2627c4af2,dc,1550635447149
Mbi_-OgW,ecd989a9-7dce-48cb-9da5-26e2627c4af2,dc,1546756264319
MXBnpF4p,ecd989a9-7dce-48cb-9da5-26e2627c4af2,dc,1543644359331
MdPwTErW,ecd989a9-7dce-48cb-9da5-26e2627c4af2,dc,1547957050410
MahlojV9,ecd989a9-7dce-48cb-9da5-26e2627c4af2,dc,1546062980685
MXBmEwhO,ecd989a9-7dce-48cb-9da5-26e2627c4af2,dc,1543645362667
Md298iId,ecd989a9-7dce-48cb-9da5-26e2627c4af2,dc,1548304787969
MVm4jhuX,ecd989a9-7dce-48cb-9da5-26e2627c4af2,dc,1542693463468
MXgMbc0Q,ecd989a9-7dce-48cb-9da5-26e2627c4af2,dc,1543989745491
MhvB9Ya6,ecd989a9-7dce-48cb-9da5-26e2627c4af2,dc,1550980098689
MXBnMnA0,ecd989a9-7dce-48cb-9da5-26e2627c4af2,dc,1543643045645
MooPQTtf,ecd989a9-7dce-48cb-9da5-26e2627c4af2,dc,1555732677468
MhGX1Y01,ecd989a9-7dce-48cb-9da5-26e2627c4af2,dc,1550548128355
MXcR9ZPI,ecd989a9-7dce-48cb-9da5-26e2627c4af2,dc,1543902041294
MXBrieTX,ecd989a9-7dce-48cb-9da5-26e2627c4af2,dc,1543643062851
MXBrDpWF,ecd989a9-7dce-48cb-9da5-26e2627c4af2,dc,1543645331786
MmBfyaWT,ecd989a9-7dce-48cb-9da5-26e2627c4af2,dc,1553919432804
MbdcFdqE,ecd989a9-7dce-48cb-9da5-26e2627c4af2,dc,1546669458325
MXBniZWk,ecd989a9-7dce-48cb-9da5-26e2627c4af2,dc,1543643052809
MXBpEB55,ecd989a9-7dce-48cb-9da5-26e2627c4af2,dc,1543643038812
MkaVOKMV,ecd989a9-7dce-48cb-9da5-26e2627c4af2,dc,1552883005574
MpVM8X1N,ecd989a9-7dce-48cb-9da5-26e2627c4af2,dc,1556253212110
MXBrvQIF,ecd989a9-7dce-48cb-9da5-26e2627c4af2,dc,1543644360057
MfbF8Qsx,ecd989a9-7dce-48cb-9da5-26e2627c4af2,dc,1549428646552
Me6jUF8e,ecd989a9-7dce-48cb-9da5-26e2627c4af2,dc,1549082443590
MjtYPlSj,ecd989a9-7dce-48cb-9da5-26e2627c4af2,dc,1552362627000
MmXoe6O6,ecd989a9-7dce-48cb-9da5-26e2627c4af2,dc,1554179032352
MXBpfcf2,ecd989a9-7dce-48cb-9da5-26e2627c4af2,dc,1543643046406
MXBszBTF,ecd989a9-7dce-48cb-9da5-26e2627c4af2,dc,1543644385379
MhilM0Qq,ecd989a9-7dce-48cb-9da5-26e2627c4af2,dc,1550894555119
MgdcbGV4,ecd989a9-7dce-48cb-9da5-26e2627c4af2,dc,1550118116982
Mbck2FQO,ecd989a9-7dce-48cb-9da5-26e2627c4af2,dc,1546669466424
MXBoheig,ecd989a9-7dce-48cb-9da5-26e2627c4af2,dc,1543643065586
MXBreEip,ecd989a9-7dce-48cb-9da5-26e2627c4af2,dc,1543643053112
MaYWwjLx,ecd989a9-7dce-48cb-9da5-26e2627c4af2,dc,1545978026895
MXBqMi8T,ecd989a9-7dce-48cb-9da5-26e2627c4af2,dc,1543644340539
Mp_qHCRV,ecd989a9-7dce-48cb-9da5-26e2627c4af2,dc,1556684912219
MpVL1urV,ecd989a9-7dce-48cb-9da5-26e2627c4af2,dc,1556253293704
Mo8sIMdo,ecd989a9-7dce-48cb-9da5-26e2627c4af2,dc,1555994954840
Mgp2Gkc2,ecd989a9-7dce-48cb-9da5-26e2627c4af2,dc,1550291313924
MhioSZVV,ecd989a9-7dce-48cb-9da5-26e2627c4af2,dc,1550895600714
MXBs3Vb8,ecd989a9-7dce-48cb-9da5-26e2627c4af2,dc,1543643060089
MXBs6Zpd,ecd989a9-7dce-48cb-9da5-26e2627c4af2,dc,1543645363165
MXBpeut7,ecd989a9-7dce-48cb-9da5-26e2627c4af2,dc,1543643053047
MjvpZQvE,ecd989a9-7dce-48cb-9da5-26e2627c4af2,dc,1552364098185
MXBqe9sy,ecd989a9-7dce-48cb-9da5-26e2627c4af2,dc,1543643068746
MfP1ydNP,ecd989a9-7dce-48cb-9da5-26e2627c4af2,dc,1549339736312
Mgb8X9eW,ecd989a9-7dce-48cb-9da5-26e2627c4af2,dc,1550117689592
MjaIBzEi,ecd989a9-7dce-48cb-9da5-26e2627c4af2,dc,1552190759005
MpDlHv2J,ecd989a9-7dce-48cb-9da5-26e2627c4af2,dc,1556081731151
MVHTxzE0,ecd989a9-7dce-48cb-9da5-26e2627c4af2,dc,1542348255677
MdJ0xSnl,ecd989a9-7dce-48cb-9da5-26e2627c4af2,dc,1547872523367
MeV5E4_i,ecd989a9-7dce-48cb-9da5-26e2627c4af2,dc,1548649867321
MeYZa-LG,ecd989a9-7dce-48cb-9da5-26e2627c4af2,dc,1548734805371
6bb1027f87d8ce023a8530b5dc1b264e,ecd989a9-7dce-48cb-9da5-26e2627c4af2,dc,1542348587110
MkGlGetN,ecd989a9-7dce-48cb-9da5-26e2627c4af2,dc,1552622620995
uap_7dcca404353a62ce01ad35e1bd9887bd,ecd989a9-7dce-48cb-9da5-26e2627c4af2,dc,1556166671181
Me7O3YdK,ecd989a9-7dce-48cb-9da5-26e2627c4af2,dc,1549082466052
MkE4FAMd,ecd989a9-7dce-48cb-9da5-26e2627c4af2,dc,1552622330651
uap_158fd2963b9c09cec9f39cc96f21a2dd,ecd989a9-7dce-48cb-9da5-26e2627c4af2,dc,1556166854873
3a489561d9ae9968b6060b53810524dc,ecd989a9-7dce-48cb-9da5-26e2627c4af2,dc,1542520297005
Miz5wTxu,ecd989a9-7dce-48cb-9da5-26e2627c4af2,dc,1551759634125
MkqVNFKY,ecd989a9-7dce-48cb-9da5-26e2627c4af2,dc,1553053902990
MZRLNtvx,ecd989a9-7dce-48cb-9da5-26e2627c4af2,dc,1545200037640
Mb5ACX9L,ecd989a9-7dce-48cb-9da5-26e2627c4af2,dc,1547015263884
Mi5Qd-Ig,ecd989a9-7dce-48cb-9da5-26e2627c4af2,dc,1551845934553
Ma25QtKS,ecd989a9-7dce-48cb-9da5-26e2627c4af2,dc,1546322613093
MapoZkT6,ecd989a9-7dce-48cb-9da5-26e2627c4af2,dc,1546151350276
MhipdfNV,ecd989a9-7dce-48cb-9da5-26e2627c4af2,dc,1550894551160
MXBsSEJ0,ecd989a9-7dce-48cb-9da5-26e2627c4af2,dc,1543643024958
Mfajm3Bl,ecd989a9-7dce-48cb-9da5-26e2627c4af2,dc,1549427289017
MkDAOrwo,ecd989a9-7dce-48cb-9da5-26e2627c4af2,dc,1552623697271
Me7Kqd9h,ecd989a9-7dce-48cb-9da5-26e2627c4af2,dc,1549082496487
MjVkVriQ,ecd989a9-7dce-48cb-9da5-26e2627c4af2,dc,1552104640820
ModCd5tj,ecd989a9-7dce-48cb-9da5-26e2627c4af2,dc,1555646362836
MXBm7THg,ecd989a9-7dce-48cb-9da5-26e2627c4af2,dc,1543643072328
MhapP9xA,ecd989a9-7dce-48cb-9da5-26e2627c4af2,dc,1550808890300
MpVMACII,ecd989a9-7dce-48cb-9da5-26e2627c4af2,dc,1556253180233
MVl23sXP,ecd989a9-7dce-48cb-9da5-26e2627c4af2,dc,1542693308858
MXBtEp9x,ecd989a9-7dce-48cb-9da5-26e2627c4af2,dc,1543643045714
MhimoIwc,ecd989a9-7dce-48cb-9da5-26e2627c4af2,dc,1550895595111
MV5YYRqR,ecd989a9-7dce-48cb-9da5-26e2627c4af2,dc,1542865047589
MXBpuplU,ecd989a9-7dce-48cb-9da5-26e2627c4af2,dc,1543643044662
MhinKMn3,ecd989a9-7dce-48cb-9da5-26e2627c4af2,dc,1550895837645
MXKEZ3fL,ecd989a9-7dce-48cb-9da5-26e2627c4af2,dc,1543729348143
MYUL_4EC,ecd989a9-7dce-48cb-9da5-26e2627c4af2,dc,1544507718615
MhioRPO0,ecd989a9-7dce-48cb-9da5-26e2627c4af2,dc,1550895837063
MWk0ah_J,ecd989a9-7dce-48cb-9da5-26e2627c4af2,dc,1543390746716
MbdVRBHp,ecd989a9-7dce-48cb-9da5-26e2627c4af2,dc,1546669472660
MdT7Hc5-,ecd989a9-7dce-48cb-9da5-26e2627c4af2,dc,1547956796247
MXBr3xmc,ecd989a9-7dce-48cb-9da5-26e2627c4af2,dc,1543643052104
Mifwq-0U,ecd989a9-7dce-48cb-9da5-26e2627c4af2,dc,1551499055954
Ml8RZMwe,ecd989a9-7dce-48cb-9da5-26e2627c4af2,dc,1553919674667
MXBq1GWB,ecd989a9-7dce-48cb-9da5-26e2627c4af2,dc,1543643038588
MaXL49u9,ecd989a9-7dce-48cb-9da5-26e2627c4af2,dc,1545978018367
MkN5DzUy,ecd989a9-7dce-48cb-9da5-26e2627c4af2,dc,1552709040272
MbclLLa8,ecd989a9-7dce-48cb-9da5-26e2627c4af2,dc,1546668143891
MbdV9ihb,ecd989a9-7dce-48cb-9da5-26e2627c4af2,dc,1546667941225
MidwIXGn,ecd989a9-7dce-48cb-9da5-26e2627c4af2,dc,1551498861444
MXBnP_WA,ecd989a9-7dce-48cb-9da5-26e2627c4af2,dc,1543643055831
MXBp-AZQ,ecd989a9-7dce-48cb-9da5-26e2627c4af2,dc,1543644410752
Mksk3dPy,ecd989a9-7dce-48cb-9da5-26e2627c4af2,dc,1553055374969
MXBpUb3d,ecd989a9-7dce-48cb-9da5-26e2627c4af2,dc,1543643043611
MXBqCaqx,ecd989a9-7dce-48cb-9da5-26e2627c4af2,dc,1543644376486
MXBsGVGK,ecd989a9-7dce-48cb-9da5-26e2627c4af2,dc,1543644425707
MXBsB1Qn,ecd989a9-7dce-48cb-9da5-26e2627c4af2,dc,1543643089496
MXBswNsr,ecd989a9-7dce-48cb-9da5-26e2627c4af2,dc,1543643103697
MfVFgFQq,ecd989a9-7dce-48cb-9da5-26e2627c4af2,dc,1549341216091
MXBrqZam,ecd989a9-7dce-48cb-9da5-26e2627c4af2,dc,1543644380693
uap_8be25624db7518520871f7b15516936f,ecd989a9-7dce-48cb-9da5-26e2627c4af2,dc,1556165010742
Me8pQtTC,ecd989a9-7dce-48cb-9da5-26e2627c4af2,dc,1549082294294
uap_2a6399d6f55ab17287580d588122739c,ecd989a9-7dce-48cb-9da5-26e2627c4af2,dc,1556164982713
MVHI6T1j,ecd989a9-7dce-48cb-9da5-26e2627c4af2,dc,1542347115975
uap_672651e708d396b4143720a4e27a63d3,ecd989a9-7dce-48cb-9da5-26e2627c4af2,dc,1556164994401
MpM2iocv,ecd989a9-7dce-48cb-9da5-26e2627c4af2,dc,1556166710344
ba0c877d564e908b538ecfce1b2b16c3,ecd989a9-7dce-48cb-9da5-26e2627c4af2,dc,1542521171828
MXBtM1wY,ecd989a9-7dce-48cb-9da5-26e2627c4af2,dc,1543643040442
b029036e136e48885408305801189348,ecd989a9-7dce-48cb-9da5-26e2627c4af2,dc,1542519811297
0355895b26f3b157d27ba26402ac6376,ecd989a9-7dce-48cb-9da5-26e2627c4af2,dc,1542433018644
MS-X-i6F,ecd989a9-7dce-48cb-9da5-26e2627c4af2,dc,1542606239898
MXBqXRsS,ecd989a9-7dce-48cb-9da5-26e2627c4af2,dc,1543644337655
Me6x8iNc,ecd989a9-7dce-48cb-9da5-26e2627c4af2,dc,1549083578876
Me6xKSv6,ecd989a9-7dce-48cb-9da5-26e2627c4af2,dc,1549081074952
MbL9HZ-G,ecd989a9-7dce-48cb-9da5-26e2627c4af2,dc,1546496887469
Mk4P5eHd,ecd989a9-7dce-48cb-9da5-26e2627c4af2,dc,1553142444683
MbdaB0Yn,ecd989a9-7dce-48cb-9da5-26e2627c4af2,dc,1546667967732
MhioS3Wg,ecd989a9-7dce-48cb-9da5-26e2627c4af2,dc,1550894594111
MX0YnAU1,ecd989a9-7dce-48cb-9da5-26e2627c4af2,dc,1544162839867
MdhS87Fd,ecd989a9-7dce-48cb-9da5-26e2627c4af2,dc,1548131877704
MUPbHWmu,ecd989a9-7dce-48cb-9da5-26e2627c4af2,dc,1541748350108
MXBnPRCW,ecd989a9-7dce-48cb-9da5-26e2627c4af2,dc,1543643069209
MdzgjQ-_,ecd989a9-7dce-48cb-9da5-26e2627c4af2,dc,1548304845229
MjsZtFWx,ecd989a9-7dce-48cb-9da5-26e2627c4af2,dc,1552362710182
MXBs93pm,ecd989a9-7dce-48cb-9da5-26e2627c4af2,dc,1543644356404
MlXMTo33,ecd989a9-7dce-48cb-9da5-26e2627c4af2,dc,1553486140130
Lyxcl2NN,ecd989a9-7dce-48cb-9da5-26e2627c4af2,dc,1554182799000
MbH4D60m,ecd989a9-7dce-48cb-9da5-26e2627c4af2,dc,1546496867534
MXBsVrd9,ecd989a9-7dce-48cb-9da5-26e2627c4af2,dc,1543643051869
MdT7QJl2,ecd989a9-7dce-48cb-9da5-26e2627c4af2,dc,1547957041455
MUPYQzcH,ecd989a9-7dce-48cb-9da5-26e2627c4af2,dc,1541748143179
MabGvR8R,ecd989a9-7dce-48cb-9da5-26e2627c4af2,dc,1545976586877
MXW-9aJT,ecd989a9-7dce-48cb-9da5-26e2627c4af2,dc,1543903296230
Md73CKxx,ecd989a9-7dce-48cb-9da5-26e2627c4af2,dc,1548391000952
MXBqCnni,ecd989a9-7dce-48cb-9da5-26e2627c4af2,dc,1543644396785
MjOTwdL5,ecd989a9-7dce-48cb-9da5-26e2627c4af2,dc,1552016707892
MXIZUHJE,ecd989a9-7dce-48cb-9da5-26e2627c4af2,dc,1543729330176
MhEygbTz,ecd989a9-7dce-48cb-9da5-26e2627c4af2,dc,1550549567019
MUYsQ1EX,ecd989a9-7dce-48cb-9da5-26e2627c4af2,dc,1541828664202
MdXfqAgk,ecd989a9-7dce-48cb-9da5-26e2627c4af2,dc,1548044517911
Mh4avLYI,ecd989a9-7dce-48cb-9da5-26e2627c4af2,dc,1551067918932
MoqncOwH,ecd989a9-7dce-48cb-9da5-26e2627c4af2,dc,1555732519687
MZRLIVUO,ecd989a9-7dce-48cb-9da5-26e2627c4af2,dc,1545198595364
MhjAYKaw,ecd989a9-7dce-48cb-9da5-26e2627c4af2,dc,1550894553661
MXBnYMtk,ecd989a9-7dce-48cb-9da5-26e2627c4af2,dc,1543644378387
Mb58tDy-,ecd989a9-7dce-48cb-9da5-26e2627c4af2,dc,1547014696516
MS_r7YeT,ecd989a9-7dce-48cb-9da5-26e2627c4af2,dc,1540879426281
MptongiN,ecd989a9-7dce-48cb-9da5-26e2627c4af2,dc,1556510407996
MXBpX0f5,ecd989a9-7dce-48cb-9da5-26e2627c4af2,dc,1543644352941
MfbE3czt,ecd989a9-7dce-48cb-9da5-26e2627c4af2,dc,1549427457503
MXBpyxVS,ecd989a9-7dce-48cb-9da5-26e2627c4af2,dc,1543643048271
Mo4Qh21Y,ecd989a9-7dce-48cb-9da5-26e2627c4af2,dc,1555908102386
MZRLS9Jd,ecd989a9-7dce-48cb-9da5-26e2627c4af2,dc,1545199969443
MkMOGlqc,ecd989a9-7dce-48cb-9da5-26e2627c4af2,dc,1552710485528
MXBrVxg8,ecd989a9-7dce-48cb-9da5-26e2627c4af2,dc,1543643074748
MknVS0HY,ecd989a9-7dce-48cb-9da5-26e2627c4af2,dc,1552969038712
MXBq7-rK,ecd989a9-7dce-48cb-9da5-26e2627c4af2,dc,1543644399970
MhilQDp6,ecd989a9-7dce-48cb-9da5-26e2627c4af2,dc,1550895653821
Met_XmQu,ecd989a9-7dce-48cb-9da5-26e2627c4af2,dc,1548909641341
MldPnSf0,ecd989a9-7dce-48cb-9da5-26e2627c4af2,dc,1553572767790
MXBqptjW,ecd989a9-7dce-48cb-9da5-26e2627c4af2,dc,1543644360020
Mhi7wSx8,ecd989a9-7dce-48cb-9da5-26e2627c4af2,dc,1550894295720
MXBmEgB9,ecd989a9-7dce-48cb-9da5-26e2627c4af2,dc,1543644376854
Mhmb7UYB,ecd989a9-7dce-48cb-9da5-26e2627c4af2,dc,1550894673672
MXBpkZQs,ecd989a9-7dce-48cb-9da5-26e2627c4af2,dc,1543645386712
Mhi-RvAn,ecd989a9-7dce-48cb-9da5-26e2627c4af2,dc,1550896725153
MXBrrGP_,ecd989a9-7dce-48cb-9da5-26e2627c4af2,dc,1543643088551
MhDvChPc,ecd989a9-7dce-48cb-9da5-26e2627c4af2,dc,1550548085599
MjsZilHl,ecd989a9-7dce-48cb-9da5-26e2627c4af2,dc,1552363924171
MomDbLo3,ecd989a9-7dce-48cb-9da5-26e2627c4af2,dc,1555734358295
MXBsc5am,ecd989a9-7dce-48cb-9da5-26e2627c4af2,dc,1543643013681
Mjz-0YLw,ecd989a9-7dce-48cb-9da5-26e2627c4af2,dc,1552449124765
MXBqHwL8,ecd989a9-7dce-48cb-9da5-26e2627c4af2,dc,1543643042832
MdKMZOmb,ecd989a9-7dce-48cb-9da5-26e2627c4af2,dc,1547872557417
MXBogMFg,ecd989a9-7dce-48cb-9da5-26e2627c4af2,dc,1543644376316
MhipxLEd,ecd989a9-7dce-48cb-9da5-26e2627c4af2,dc,1550894536774
MXBmcgiD,ecd989a9-7dce-48cb-9da5-26e2627c4af2,dc,1543643048778
MlVrtgSv,ecd989a9-7dce-48cb-9da5-26e2627c4af2,dc,1553486118886
MVWAGtFe,ecd989a9-7dce-48cb-9da5-26e2627c4af2,dc,1542519920562
MfbNX_Cp,ecd989a9-7dce-48cb-9da5-26e2627c4af2,dc,1549427405430
MkE371vS,ecd989a9-7dce-48cb-9da5-26e2627c4af2,dc,1552622320517
Ml_UTkZE,ecd989a9-7dce-48cb-9da5-26e2627c4af2,dc,1553918168104
Jbgw76w8,ecd989a9-7dce-48cb-9da5-26e2627c4af2,dc,1542433100942
MXBqUKKK,ecd989a9-7dce-48cb-9da5-26e2627c4af2,dc,1543643056481
MVHMyob3,ecd989a9-7dce-48cb-9da5-26e2627c4af2,dc,1542348223308
MaHdebyo,ecd989a9-7dce-48cb-9da5-26e2627c4af2,dc,1545804624227
MkLYPNTr,ecd989a9-7dce-48cb-9da5-26e2627c4af2,dc,1552710243635
MlvXmA7A,ecd989a9-7dce-48cb-9da5-26e2627c4af2,dc,1553747600497
Mb8_IjCf,ecd989a9-7dce-48cb-9da5-26e2627c4af2,dc,1547014813576
MbdaxPFp,ecd989a9-7dce-48cb-9da5-26e2627c4af2,dc,1546669398666
Mi-ku8xt,ecd989a9-7dce-48cb-9da5-26e2627c4af2,dc,1551844428486
MkcI9HO5,ecd989a9-7dce-48cb-9da5-26e2627c4af2,dc,1552881570451
MXBqI5Rn,ecd989a9-7dce-48cb-9da5-26e2627c4af2,dc,1543644364010
MYB0dfXr,ecd989a9-7dce-48cb-9da5-26e2627c4af2,dc,1544334932105
MdTUXQtk,ecd989a9-7dce-48cb-9da5-26e2627c4af2,dc,1547956736630
Me6xLP08,ecd989a9-7dce-48cb-9da5-26e2627c4af2,dc,1549080808969
MaxlrWjm,ecd989a9-7dce-48cb-9da5-26e2627c4af2,dc,1546237137607
MgNaxeww,ecd989a9-7dce-48cb-9da5-26e2627c4af2,dc,1549946520963
MhimgTad,ecd989a9-7dce-48cb-9da5-26e2627c4af2,dc,1550894571575
Mll9cz2V,ecd989a9-7dce-48cb-9da5-26e2627c4af2,dc,1553658835925
MU9RuSaZ,ecd989a9-7dce-48cb-9da5-26e2627c4af2,dc,1542261681635
MXBmtHe7,ecd989a9-7dce-48cb-9da5-26e2627c4af2,dc,1543643058515
MXBqtlZT,ecd989a9-7dce-48cb-9da5-26e2627c4af2,dc,1543644374798
MZRyY8yp,ecd989a9-7dce-48cb-9da5-26e2627c4af2,dc,1545198791441
MXBnh4xQ,ecd989a9-7dce-48cb-9da5-26e2627c4af2,dc,1543644363126
MXBr4oNn,ecd989a9-7dce-48cb-9da5-26e2627c4af2,dc,1543643071564
MXBok1B0,ecd989a9-7dce-48cb-9da5-26e2627c4af2,dc,1543643056244
MXBsO1br,ecd989a9-7dce-48cb-9da5-26e2627c4af2,dc,1543644364627
uap_4848d9c1ff50a9739c334a2963dff7a4,ecd989a9-7dce-48cb-9da5-26e2627c4af2,dc,1556511949801
uap_bbbb40f51b80475dce97ea6bdca83b59,ecd989a9-7dce-48cb-9da5-26e2627c4af2,dc,1556598787447
623d14fcf2d61b89727bd53ca1b3dfd2,ecd989a9-7dce-48cb-9da5-26e2627c4af2,dc,1542347696765
48e02edc91d3197dfe7367bbb39bd671,ecd989a9-7dce-48cb-9da5-26e2627c4af2,dc,1545284764124
0e868c2f8e110b5d07c3258f25986522,ecd989a9-7dce-48cb-9da5-26e2627c4af2,dc,1548216726988
2f9a2900b4c3c4c4ba461d8918f61ba0,ecd989a9-7dce-48cb-9da5-26e2627c4af2,dc,1542348550359
2d2971c17a23a23a11a355c487de0bd1,ecd989a9-7dce-48cb-9da5-26e2627c4af2,dc,1542347604650
MbdSedMt,ecd989a9-7dce-48cb-9da5-26e2627c4af2,dc,1546667939584
MZRLNiw6,ecd989a9-7dce-48cb-9da5-26e2627c4af2,dc,1545198567713
MVzFeFA2,ecd989a9-7dce-48cb-9da5-26e2627c4af2,dc,1542779922528
MVHT9pes,ecd989a9-7dce-48cb-9da5-26e2627c4af2,dc,1542348218492
MaYV249k,ecd989a9-7dce-48cb-9da5-26e2627c4af2,dc,1545978057320
MjsZqI3n,ecd989a9-7dce-48cb-9da5-26e2627c4af2,dc,1552363852321
MXdOYoxP,ecd989a9-7dce-48cb-9da5-26e2627c4af2,dc,1543988290642
MVIn0wGt,ecd989a9-7dce-48cb-9da5-26e2627c4af2,dc,1542348299868
MiLH-_-J,ecd989a9-7dce-48cb-9da5-26e2627c4af2,dc,1551325429598
MhEzFFpy,ecd989a9-7dce-48cb-9da5-26e2627c4af2,dc,1550375177010
MXBs6qr-,ecd989a9-7dce-48cb-9da5-26e2627c4af2,dc,1543643046702
MXBnfCQb,ecd989a9-7dce-48cb-9da5-26e2627c4af2,dc,1543643047970
Mhi_nS_a,ecd989a9-7dce-48cb-9da5-26e2627c4af2,dc,1550895694414
Ml1urbwf,ecd989a9-7dce-48cb-9da5-26e2627c4af2,dc,1553831627135
MldPiyAN,ecd989a9-7dce-48cb-9da5-26e2627c4af2,dc,1553574256879
MlSwCYT3,ecd989a9-7dce-48cb-9da5-26e2627c4af2,dc,1553487795679
MXBpOOrM,ecd989a9-7dce-48cb-9da5-26e2627c4af2,dc,1543644362640
Ls4H_ZeL,ecd989a9-7dce-48cb-9da5-26e2627c4af2,dc,1551915561000
Mhios5E-,ecd989a9-7dce-48cb-9da5-26e2627c4af2,dc,1550894593163
MkgLSOdM,ecd989a9-7dce-48cb-9da5-26e2627c4af2,dc,1552882816692
MbdT_AkL,ecd989a9-7dce-48cb-9da5-26e2627c4af2,dc,1546669425420
MaYXKBsI,ecd989a9-7dce-48cb-9da5-26e2627c4af2,dc,1545976532255
Mp2ipeX_,ecd989a9-7dce-48cb-9da5-26e2627c4af2,dc,1556596947067
MXBmhJ0O,ecd989a9-7dce-48cb-9da5-26e2627c4af2,dc,1543643069432
MhE5MVAO,ecd989a9-7dce-48cb-9da5-26e2627c4af2,dc,1550548367259
MfbFVwLF,ecd989a9-7dce-48cb-9da5-26e2627c4af2,dc,1549427646840
MXBqixu3,ecd989a9-7dce-48cb-9da5-26e2627c4af2,dc,1543643046105
MXBqXMQJ,ecd989a9-7dce-48cb-9da5-26e2627c4af2,dc,1543644417927
Mc7wKuMS,ecd989a9-7dce-48cb-9da5-26e2627c4af2,dc,1547699672774
Mll88dyT,ecd989a9-7dce-48cb-9da5-26e2627c4af2,dc,1553660486840
MaHQB9h6,ecd989a9-7dce-48cb-9da5-26e2627c4af2,dc,1545803452298
MaREoJzW,ecd989a9-7dce-48cb-9da5-26e2627c4af2,dc,1545891505770
MeD-IGzn,ecd989a9-7dce-48cb-9da5-26e2627c4af2,dc,1548477489731
Mksl1ASL,ecd989a9-7dce-48cb-9da5-26e2627c4af2,dc,1553055411999
MYUP9iG2,ecd989a9-7dce-48cb-9da5-26e2627c4af2,dc,1544507693511
MU6hC5wG,ecd989a9-7dce-48cb-9da5-26e2627c4af2,dc,1542174547876
MaRDnygY,ecd989a9-7dce-48cb-9da5-26e2627c4af2,dc,1545890245233
MW9xm5YI,ecd989a9-7dce-48cb-9da5-26e2627c4af2,dc,1543643025744
MhjAjwuh,ecd989a9-7dce-48cb-9da5-26e2627c4af2,dc,1550895652143
MkEpYr9S,ecd989a9-7dce-48cb-9da5-26e2627c4af2,dc,1552624023330
Ml_3POe5,ecd989a9-7dce-48cb-9da5-26e2627c4af2,dc,1553919758084
MjsZax3V,ecd989a9-7dce-48cb-9da5-26e2627c4af2,dc,1552363866774
MXBrDmDP,ecd989a9-7dce-48cb-9da5-26e2627c4af2,dc,1543643042812
Maxvxh3H,ecd989a9-7dce-48cb-9da5-26e2627c4af2,dc,1546235773660
MXBmr2o_,ecd989a9-7dce-48cb-9da5-26e2627c4af2,dc,1543644353285
Mo7rHoOM,ecd989a9-7dce-48cb-9da5-26e2627c4af2,dc,1555992197868
MjZy1dEH,ecd989a9-7dce-48cb-9da5-26e2627c4af2,dc,1552189706885
MaXXLzCd,ecd989a9-7dce-48cb-9da5-26e2627c4af2,dc,1545976642280
MjMvrjth,ecd989a9-7dce-48cb-9da5-26e2627c4af2,dc,1552018196916
MXBnzFwJ,ecd989a9-7dce-48cb-9da5-26e2627c4af2,dc,1543644374685
MXBmakw_,ecd989a9-7dce-48cb-9da5-26e2627c4af2,dc,1543644389413
MlhMyJF5,ecd989a9-7dce-48cb-9da5-26e2627c4af2,dc,1553572895895
Me3P9R12,ecd989a9-7dce-48cb-9da5-26e2627c4af2,dc,1548995412883
Mo6kS-r1,ecd989a9-7dce-48cb-9da5-26e2627c4af2,dc,1555905275277
MZ4r_ZlT,ecd989a9-7dce-48cb-9da5-26e2627c4af2,dc,1545631850863
MaYXd6ox,ecd989a9-7dce-48cb-9da5-26e2627c4af2,dc,1545976556419
MaREibUM,ecd989a9-7dce-48cb-9da5-26e2627c4af2,dc,1545891594603
MXBsky-C,ecd989a9-7dce-48cb-9da5-26e2627c4af2,dc,1543644381719
MXBrh7Hh,ecd989a9-7dce-48cb-9da5-26e2627c4af2,dc,1543643069622
MelV92jo,ecd989a9-7dce-48cb-9da5-26e2627c4af2,dc,1548821599931
MdMmN1qq,ecd989a9-7dce-48cb-9da5-26e2627c4af2,dc,1547872995530
MlpcIQ-f,ecd989a9-7dce-48cb-9da5-26e2627c4af2,dc,1553660454396
MpVMzjNz,ecd989a9-7dce-48cb-9da5-26e2627c4af2,dc,1556251873700
MW9ynj1-,ecd989a9-7dce-48cb-9da5-26e2627c4af2,dc,1543642995864
MYUM9sPv,ecd989a9-7dce-48cb-9da5-26e2627c4af2,dc,1544508600255
MfCnZaf7,ecd989a9-7dce-48cb-9da5-26e2627c4af2,dc,1549166364268
Mdx4aBgz,ecd989a9-7dce-48cb-9da5-26e2627c4af2,dc,1548305926446
Me6yFvJ8,ecd989a9-7dce-48cb-9da5-26e2627c4af2,dc,1549081005325
MYUPwHvX,ecd989a9-7dce-48cb-9da5-26e2627c4af2,dc,1544507352284
MXBniUs_,ecd989a9-7dce-48cb-9da5-26e2627c4af2,dc,1543644376194
MXBpyTh5,ecd989a9-7dce-48cb-9da5-26e2627c4af2,dc,1543645385827
MkslPEJm,ecd989a9-7dce-48cb-9da5-26e2627c4af2,dc,1553053943535
Me6yHqm-,ecd989a9-7dce-48cb-9da5-26e2627c4af2,dc,1549082502397
MVnocuPM,ecd989a9-7dce-48cb-9da5-26e2627c4af2,dc,1542692420922
MU3Ahsh3,ecd989a9-7dce-48cb-9da5-26e2627c4af2,dc,1542175504421
MksjOoWi,ecd989a9-7dce-48cb-9da5-26e2627c4af2,dc,1553053832227
MfbE_qpl,ecd989a9-7dce-48cb-9da5-26e2627c4af2,dc,1549426205197
MYiVd6m1,ecd989a9-7dce-48cb-9da5-26e2627c4af2,dc,1544680755913
MX0YqCaO,ecd989a9-7dce-48cb-9da5-26e2627c4af2,dc,1544163056257
MpL2-cyJ,ecd989a9-7dce-48cb-9da5-26e2627c4af2,dc,1556164846381
MbdSJnaw,ecd989a9-7dce-48cb-9da5-26e2627c4af2,dc,1546668146009
MVlwJzxu,ecd989a9-7dce-48cb-9da5-26e2627c4af2,dc,1542692279826
MXBrHwD8,ecd989a9-7dce-48cb-9da5-26e2627c4af2,dc,1543643073127
Mll5cuaQ,ecd989a9-7dce-48cb-9da5-26e2627c4af2,dc,1553660554807
MXz_qXDK,ecd989a9-7dce-48cb-9da5-26e2627c4af2,dc,1544161598629
MfVFox8c,ecd989a9-7dce-48cb-9da5-26e2627c4af2,dc,1549341052051
Mjb0vqlD,ecd989a9-7dce-48cb-9da5-26e2627c4af2,dc,1552190732431
Mfg3EBnO,ecd989a9-7dce-48cb-9da5-26e2627c4af2,dc,1549513999614
MZRLCbLY,ecd989a9-7dce-48cb-9da5-26e2627c4af2,dc,1545198653007
Me7OJQKj,ecd989a9-7dce-48cb-9da5-26e2627c4af2,dc,1549083608265
MXBoZbLe,ecd989a9-7dce-48cb-9da5-26e2627c4af2,dc,1543643031079
MUPeCZOm,ecd989a9-7dce-48cb-9da5-26e2627c4af2,dc,1541748360538
Mizs9URV,ecd989a9-7dce-48cb-9da5-26e2627c4af2,dc,1551758020186
MXBoKPoz,ecd989a9-7dce-48cb-9da5-26e2627c4af2,dc,1543643026984
MfVGUsdv,ecd989a9-7dce-48cb-9da5-26e2627c4af2,dc,1549340876452
MXBpREPd,ecd989a9-7dce-48cb-9da5-26e2627c4af2,dc,1543643036884
MVHISQbw,ecd989a9-7dce-48cb-9da5-26e2627c4af2,dc,1542347111689
Ml_5UoJB,ecd989a9-7dce-48cb-9da5-26e2627c4af2,dc,1553919394745
MZRLIJNf,ecd989a9-7dce-48cb-9da5-26e2627c4af2,dc,1545198732978
MbdRnfls,ecd989a9-7dce-48cb-9da5-26e2627c4af2,dc,1546669367058
MaXXTjOq,ecd989a9-7dce-48cb-9da5-26e2627c4af2,dc,1545978029456
MXBsg2Zu,ecd989a9-7dce-48cb-9da5-26e2627c4af2,dc,1543644364063
MhjAuXnu,ecd989a9-7dce-48cb-9da5-26e2627c4af2,dc,1550895597787
MXBsJrAn,ecd989a9-7dce-48cb-9da5-26e2627c4af2,dc,1543643063615
Mhi-50VP,ecd989a9-7dce-48cb-9da5-26e2627c4af2,dc,1550895660191
MXwusD9i,ecd989a9-7dce-48cb-9da5-26e2627c4af2,dc,1544163111878
Miye4-29,ecd989a9-7dce-48cb-9da5-26e2627c4af2,dc,1551759716778
MVEvP9K7,ecd989a9-7dce-48cb-9da5-26e2627c4af2,dc,1542348265821
MXBmrLTq,ecd989a9-7dce-48cb-9da5-26e2627c4af2,dc,1543643079405
MXBs6ZMO,ecd989a9-7dce-48cb-9da5-26e2627c4af2,dc,1543644380666
MXBZXpze,ecd989a9-7dce-48cb-9da5-26e2627c4af2,dc,1543644334062
MeTXH48H,ecd989a9-7dce-48cb-9da5-26e2627c4af2,dc,1548649487896
923d9b1335186646dff62e04fb9654ba,ecd989a9-7dce-48cb-9da5-26e2627c4af2,dc,1544421322321
MU9eGY7a,ecd989a9-7dce-48cb-9da5-26e2627c4af2,dc,1542261711164
MhNhA2VB,ecd989a9-7dce-48cb-9da5-26e2627c4af2,dc,1550635575650
Mhi-LrM4,ecd989a9-7dce-48cb-9da5-26e2627c4af2,dc,1550895812518
Mll5tHcU,ecd989a9-7dce-48cb-9da5-26e2627c4af2,dc,1553658771743
MVOL0VZD,ecd989a9-7dce-48cb-9da5-26e2627c4af2,dc,1542434613275
MYPVNU8C,ecd989a9-7dce-48cb-9da5-26e2627c4af2,dc,1544508660441
Mbb6ueOv,ecd989a9-7dce-48cb-9da5-26e2627c4af2,dc,1546668070240
Mhim5H0d,ecd989a9-7dce-48cb-9da5-26e2627c4af2,dc,1550894275134
MjHBe3ra,ecd989a9-7dce-48cb-9da5-26e2627c4af2,dc,1551932706552
MXBpjx0Y,ecd989a9-7dce-48cb-9da5-26e2627c4af2,dc,1543644374328
MaRE5D7I,ecd989a9-7dce-48cb-9da5-26e2627c4af2,dc,1545891508493
MhyIXSdF,ecd989a9-7dce-48cb-9da5-26e2627c4af2,dc,1551067880461
a9c672322e8a5f408189a641e0f8be73,ecd989a9-7dce-48cb-9da5-26e2627c4af2,dc,1542347170127
MVE6CgAx,ecd989a9-7dce-48cb-9da5-26e2627c4af2,dc,1542348261163
MXBocv_G,ecd989a9-7dce-48cb-9da5-26e2627c4af2,dc,1543644425578
Me6jPN1N,ecd989a9-7dce-48cb-9da5-26e2627c4af2,dc,1549082305517
uap_7eb1367fcd651ac0bf88534ed7ad3cf5,ecd989a9-7dce-48cb-9da5-26e2627c4af2,dc,1553747318511
MbzOW5TO,ecd989a9-7dce-48cb-9da5-26e2627c4af2,dc,1546929959218
Mksj4Yyn,ecd989a9-7dce-48cb-9da5-26e2627c4af2,dc,1553056465908
uap_f8e7b3c50d250479fff26f647714621b,ecd989a9-7dce-48cb-9da5-26e2627c4af2,dc,1556166952518
96a3af8ea152d76d7715a22c05754856,ecd989a9-7dce-48cb-9da5-26e2627c4af2,dc,1549600032618
MYmtjjHN,ecd989a9-7dce-48cb-9da5-26e2627c4af2,dc,1544766555903
MmNdkF4L,ecd989a9-7dce-48cb-9da5-26e2627c4af2,dc,1554092438727
MdMTHm9T,ecd989a9-7dce-48cb-9da5-26e2627c4af2,dc,1547871169415
MknVJkkb,ecd989a9-7dce-48cb-9da5-26e2627c4af2,dc,1552968847115
Mp_6eTlU,ecd989a9-7dce-48cb-9da5-26e2627c4af2,dc,1556684870081
MUbutx00,ecd989a9-7dce-48cb-9da5-26e2627c4af2,dc,1541829799830
MXBsZBdU,ecd989a9-7dce-48cb-9da5-26e2627c4af2,dc,1543643032743
MjHGGtjr,ecd989a9-7dce-48cb-9da5-26e2627c4af2,dc,1551932647907
MWZcUuLt,ecd989a9-7dce-48cb-9da5-26e2627c4af2,dc,1543210748996
Mf9N5hYK,ecd989a9-7dce-48cb-9da5-26e2627c4af2,dc,1549771243661
MhKkOpWF,ecd989a9-7dce-48cb-9da5-26e2627c4af2,dc,1550635458026
MURYQHhJ,ecd989a9-7dce-48cb-9da5-26e2627c4af2,dc,1541747045798
MX-xutXA,ecd989a9-7dce-48cb-9da5-26e2627c4af2,dc,1544334896955
MpNW9jn7,ecd989a9-7dce-48cb-9da5-26e2627c4af2,dc,1556164849328
MVFD-nNB,ecd989a9-7dce-48cb-9da5-26e2627c4af2,dc,1542348297939
MZ9rfOYb,ecd989a9-7dce-48cb-9da5-26e2627c4af2,dc,1545630952767
MhLgirxY,ecd989a9-7dce-48cb-9da5-26e2627c4af2,dc,1550636672178
MVHNl3QX,ecd989a9-7dce-48cb-9da5-26e2627c4af2,dc,1542348231117
Ma6r5_zk,ecd989a9-7dce-48cb-9da5-26e2627c4af2,dc,1546323878241
MbdSSefM,ecd989a9-7dce-48cb-9da5-26e2627c4af2,dc,1546667968149
MXBryjbd,ecd989a9-7dce-48cb-9da5-26e2627c4af2,dc,1543643073219
MXz--6py,ecd989a9-7dce-48cb-9da5-26e2627c4af2,dc,1544162889791
MjZpu61y,ecd989a9-7dce-48cb-9da5-26e2627c4af2,dc,1552189432319
MWSPxN9V,ecd989a9-7dce-48cb-9da5-26e2627c4af2,dc,1543124218802
MYnqH7Mm,ecd989a9-7dce-48cb-9da5-26e2627c4af2,dc,1544767944690
MfVFj2of,ecd989a9-7dce-48cb-9da5-26e2627c4af2,dc,1549341021636
MVHNVzEf,ecd989a9-7dce-48cb-9da5-26e2627c4af2,dc,1542348240229
MaYXBcw7,ecd989a9-7dce-48cb-9da5-26e2627c4af2,dc,1545979067927
Mj5KgNIc,ecd989a9-7dce-48cb-9da5-26e2627c4af2,dc,1552448993866
KUwCx4qC,ecd989a9-7dce-48cb-9da5-26e2627c4af2,dc,1542348651375
MXtuobzg,ecd989a9-7dce-48cb-9da5-26e2627c4af2,dc,1544163028274
Me6yYc-L,ecd989a9-7dce-48cb-9da5-26e2627c4af2,dc,1549082495921
MaYXVFRw,ecd989a9-7dce-48cb-9da5-26e2627c4af2,dc,1545978002726
Me6xm0ba,ecd989a9-7dce-48cb-9da5-26e2627c4af2,dc,1549082509134
MgEWBI6q,ecd989a9-7dce-48cb-9da5-26e2627c4af2,dc,1549858011626
MWmj44hK,ecd989a9-7dce-48cb-9da5-26e2627c4af2,dc,1543390782101
MXBnVKN4,ecd989a9-7dce-48cb-9da5-26e2627c4af2,dc,1543643040312
Mll7e0h5,ecd989a9-7dce-48cb-9da5-26e2627c4af2,dc,1553660610212
MZRLWOXH,ecd989a9-7dce-48cb-9da5-26e2627c4af2,dc,1545198597146
MhIHX_pl,ecd989a9-7dce-48cb-9da5-26e2627c4af2,dc,1550548422273
MhipOT-c,ecd989a9-7dce-48cb-9da5-26e2627c4af2,dc,1550895632556
MaTwSWc8,ecd989a9-7dce-48cb-9da5-26e2627c4af2,dc,1545891524962
Mh_QjwQi,ecd989a9-7dce-48cb-9da5-26e2627c4af2,dc,1551153113468
Mhi7wJfp,ecd989a9-7dce-48cb-9da5-26e2627c4af2,dc,1550895826226
MXBo5txx,ecd989a9-7dce-48cb-9da5-26e2627c4af2,dc,1543644421637
MXBpNjU9,ecd989a9-7dce-48cb-9da5-26e2627c4af2,dc,1543643060766
MhioMJv5,ecd989a9-7dce-48cb-9da5-26e2627c4af2,dc,1550895579595
MXBp5p4n,ecd989a9-7dce-48cb-9da5-26e2627c4af2,dc,1543644367260
MXBpRpSZ,ecd989a9-7dce-48cb-9da5-26e2627c4af2,dc,1543643067099
Mf6YmzBe,ecd989a9-7dce-48cb-9da5-26e2627c4af2,dc,1549772900045
MXBowhsN,ecd989a9-7dce-48cb-9da5-26e2627c4af2,dc,1543643068515
MXBrej8R,ecd989a9-7dce-48cb-9da5-26e2627c4af2,dc,1543643037155
Mpmz7CyS,ecd989a9-7dce-48cb-9da5-26e2627c4af2,dc,1556423779962
MXBoGngX,ecd989a9-7dce-48cb-9da5-26e2627c4af2,dc,1543644365802
MXBqw3ga,ecd989a9-7dce-48cb-9da5-26e2627c4af2,dc,1543644354756
MXUYZhxY,ecd989a9-7dce-48cb-9da5-26e2627c4af2,dc,1543817809902
MgUobsGf,ecd989a9-7dce-48cb-9da5-26e2627c4af2,dc,1550032319939
uap_8d70d72f37ba4bb7a61399e386da4e26,ecd989a9-7dce-48cb-9da5-26e2627c4af2,dc,1555993986027
9d7f25654574121c52f36ebdcd3a225b,ecd989a9-7dce-48cb-9da5-26e2627c4af2,dc,1542347667407
MeTW7T5U,ecd989a9-7dce-48cb-9da5-26e2627c4af2,dc,1548649541594
306e6eb5676c46ba545c434f161e4024,ecd989a9-7dce-48cb-9da5-26e2627c4af2,dc,1542260279780
Mi1savYV,ecd989a9-7dce-48cb-9da5-26e2627c4af2,dc,1551759770421
84ece7222dd3486b45c8e99c82fb50dc,ecd989a9-7dce-48cb-9da5-26e2627c4af2,dc,1549945830437
MXBrOuWq,ecd989a9-7dce-48cb-9da5-26e2627c4af2,dc,1543644385232
9101dbd8bfff0212c19ecf023b97f63c,ecd989a9-7dce-48cb-9da5-26e2627c4af2,dc,1542346451164
Me7NJWvH,ecd989a9-7dce-48cb-9da5-26e2627c4af2,dc,1549082486046
MX-xbD_j,ecd989a9-7dce-48cb-9da5-26e2627c4af2,dc,1544335125357
MfVDcYDr,ecd989a9-7dce-48cb-9da5-26e2627c4af2,dc,1549339476136
MXtbqLC5,ecd989a9-7dce-48cb-9da5-26e2627c4af2,dc,1544163080134
Mhi8CjI0,ecd989a9-7dce-48cb-9da5-26e2627c4af2,dc,1550894349864
MdEmdZs9,ecd989a9-7dce-48cb-9da5-26e2627c4af2,dc,1547786395244
MjHGYLoo,ecd989a9-7dce-48cb-9da5-26e2627c4af2,dc,1551931090778
MXBpUznq,ecd989a9-7dce-48cb-9da5-26e2627c4af2,dc,1543644386639
Mll6PlEG,ecd989a9-7dce-48cb-9da5-26e2627c4af2,dc,1553660384064
MXBr-UCo,ecd989a9-7dce-48cb-9da5-26e2627c4af2,dc,1543644376600
MpVLkPIL,ecd989a9-7dce-48cb-9da5-26e2627c4af2,dc,1556251932271
MXBmNrJj,ecd989a9-7dce-48cb-9da5-26e2627c4af2,dc,1543644448264
MkskMwZH,ecd989a9-7dce-48cb-9da5-26e2627c4af2,dc,1553053728417
MXBqX0g_,ecd989a9-7dce-48cb-9da5-26e2627c4af2,dc,1543643046682
Mk4jmG9g,ecd989a9-7dce-48cb-9da5-26e2627c4af2,dc,1553141035670
MUPYNTbe,ecd989a9-7dce-48cb-9da5-26e2627c4af2,dc,1541748375795
Mhi_C-yZ,ecd989a9-7dce-48cb-9da5-26e2627c4af2,dc,1550894312274
Me6x_Ig2,ecd989a9-7dce-48cb-9da5-26e2627c4af2,dc,1549080872412
Mhi_LCi6,ecd989a9-7dce-48cb-9da5-26e2627c4af2,dc,1550895843296
MaFWACKL,ecd989a9-7dce-48cb-9da5-26e2627c4af2,dc,1545718496528
Mpsdx5wF,ecd989a9-7dce-48cb-9da5-26e2627c4af2,dc,1556511934144
MXBm5FG8,ecd989a9-7dce-48cb-9da5-26e2627c4af2,dc,1543644389346
MpVNCko2,ecd989a9-7dce-48cb-9da5-26e2627c4af2,dc,1556253607560
MVHUw8Uz,ecd989a9-7dce-48cb-9da5-26e2627c4af2,dc,1542347111678
Mhlln9ht,ecd989a9-7dce-48cb-9da5-26e2627c4af2,dc,1550895662719
MXBnwlKt,ecd989a9-7dce-48cb-9da5-26e2627c4af2,dc,1543643048771
Mhi8zw0p,ecd989a9-7dce-48cb-9da5-26e2627c4af2,dc,1550894309128
MZRLIVRn,ecd989a9-7dce-48cb-9da5-26e2627c4af2,dc,1545198635246
Mjb0bLJ_,ecd989a9-7dce-48cb-9da5-26e2627c4af2,dc,1552189459433
MXBne5Di,ecd989a9-7dce-48cb-9da5-26e2627c4af2,dc,1543643056102
MqBxdtHF,ecd989a9-7dce-48cb-9da5-26e2627c4af2,dc,1556684989840
MVbP-c5j,ecd989a9-7dce-48cb-9da5-26e2627c4af2,dc,1542521053639
Mgb8Ll75,ecd989a9-7dce-48cb-9da5-26e2627c4af2,dc,1550117731107
MmhTWuxZ,ecd989a9-7dce-48cb-9da5-26e2627c4af2,dc,1554264746916
MofGtYB6,ecd989a9-7dce-48cb-9da5-26e2627c4af2,dc,1555648178808
MXBq_jQH,ecd989a9-7dce-48cb-9da5-26e2627c4af2,dc,1543643055260
MfbNazW5,ecd989a9-7dce-48cb-9da5-26e2627c4af2,dc,1549426202881
L_jNu6LY,ecd989a9-7dce-48cb-9da5-26e2627c4af2,dc,1542346630827
Mi1evS9i,ecd989a9-7dce-48cb-9da5-26e2627c4af2,dc,1551759653496
MaCtzo-a,ecd989a9-7dce-48cb-9da5-26e2627c4af2,dc,1545718442412
Mll6cdBP,ecd989a9-7dce-48cb-9da5-26e2627c4af2,dc,1553660283511
MXBrOUcm,ecd989a9-7dce-48cb-9da5-26e2627c4af2,dc,1543643055622
Mfg3RJ_U,ecd989a9-7dce-48cb-9da5-26e2627c4af2,dc,1549512445397
MbdYShVx,ecd989a9-7dce-48cb-9da5-26e2627c4af2,dc,1546667930632
MhjAh2K6,ecd989a9-7dce-48cb-9da5-26e2627c4af2,dc,1550894521935
MXBtIMtX,ecd989a9-7dce-48cb-9da5-26e2627c4af2,dc,1543643043221
MpNnk4LM,ecd989a9-7dce-48cb-9da5-26e2627c4af2,dc,1556165083568
MXBqFeSi,ecd989a9-7dce-48cb-9da5-26e2627c4af2,dc,1543644407412
MhikgJKF,ecd989a9-7dce-48cb-9da5-26e2627c4af2,dc,1550895606958
MXBm14gh,ecd989a9-7dce-48cb-9da5-26e2627c4af2,dc,1543643040169
MfVGcQjf,ecd989a9-7dce-48cb-9da5-26e2627c4af2,dc,1549341283000
MVlqBJ7J,ecd989a9-7dce-48cb-9da5-26e2627c4af2,dc,1542692391215
Max17cJL,ecd989a9-7dce-48cb-9da5-26e2627c4af2,dc,1546235808422
Mll6ELEm,ecd989a9-7dce-48cb-9da5-26e2627c4af2,dc,1553660109248
MohboIgs,ecd989a9-7dce-48cb-9da5-26e2627c4af2,dc,1555648205234
MXBmLBkp,ecd989a9-7dce-48cb-9da5-26e2627c4af2,dc,1543643042562
MpQwSKwg,ecd989a9-7dce-48cb-9da5-26e2627c4af2,dc,1556167974233
MXBoHMIQ,ecd989a9-7dce-48cb-9da5-26e2627c4af2,dc,1543644381095
Mll6uigq,ecd989a9-7dce-48cb-9da5-26e2627c4af2,dc,1553660366831
MXBnr9wD,ecd989a9-7dce-48cb-9da5-26e2627c4af2,dc,1543643038317
Mdjty1Ic,ecd989a9-7dce-48cb-9da5-26e2627c4af2,dc,1548130866514
MYUIFGhJ,ecd989a9-7dce-48cb-9da5-26e2627c4af2,dc,1544507637480
Mc3KzCvn,ecd989a9-7dce-48cb-9da5-26e2627c4af2,dc,1547698216185
MV8_TAk8,ecd989a9-7dce-48cb-9da5-26e2627c4af2,dc,1542952724123
MXBsSVna,ecd989a9-7dce-48cb-9da5-26e2627c4af2,dc,1543644440680
MbdS_qy1,ecd989a9-7dce-48cb-9da5-26e2627c4af2,dc,1546668112894
Me7M-uHL,ecd989a9-7dce-48cb-9da5-26e2627c4af2,dc,1549080787860
MXBtNENf,ecd989a9-7dce-48cb-9da5-26e2627c4af2,dc,1543644370137
MZRLC0hb,ecd989a9-7dce-48cb-9da5-26e2627c4af2,dc,1545198618149
MU6SGdCI,ecd989a9-7dce-48cb-9da5-26e2627c4af2,dc,1542175641905
MXBn8bK0,ecd989a9-7dce-48cb-9da5-26e2627c4af2,dc,1543644400273
MbdTYZvQ,ecd989a9-7dce-48cb-9da5-26e2627c4af2,dc,1546669411988
MeCPTi9r,ecd989a9-7dce-48cb-9da5-26e2627c4af2,dc,1548477931076
MhVgIgEc,ecd989a9-7dce-48cb-9da5-26e2627c4af2,dc,1550722529259
Ml_4Y1ww,ecd989a9-7dce-48cb-9da5-26e2627c4af2,dc,1553918190495
MdKMR8Vz,ecd989a9-7dce-48cb-9da5-26e2627c4af2,dc,1547873006048
Me6yEapb,ecd989a9-7dce-48cb-9da5-26e2627c4af2,dc,1549081032885
Mhi85lQC,ecd989a9-7dce-48cb-9da5-26e2627c4af2,dc,1550895571993
Mlh_dcNJ,ecd989a9-7dce-48cb-9da5-26e2627c4af2,dc,1553574255997
MiqOzIP5,ecd989a9-7dce-48cb-9da5-26e2627c4af2,dc,1551672319283
Mj0fVgH2,ecd989a9-7dce-48cb-9da5-26e2627c4af2,dc,1552450660783
MXBsuIJo,ecd989a9-7dce-48cb-9da5-26e2627c4af2,dc,1543643048651
MaYVdlCu,ecd989a9-7dce-48cb-9da5-26e2627c4af2,dc,1545977998674
MX0X6__K,ecd989a9-7dce-48cb-9da5-26e2627c4af2,dc,1544162827328
MXBmuopl,ecd989a9-7dce-48cb-9da5-26e2627c4af2,dc,1543643076902
MXBqTxzw,ecd989a9-7dce-48cb-9da5-26e2627c4af2,dc,1543643064981
MaYWTBoF,ecd989a9-7dce-48cb-9da5-26e2627c4af2,dc,1545977986198
MXBp77g6,ecd989a9-7dce-48cb-9da5-26e2627c4af2,dc,1543643027088
MYPn3G2Z,ecd989a9-7dce-48cb-9da5-26e2627c4af2,dc,1544507355476
MdifWp33,ecd989a9-7dce-48cb-9da5-26e2627c4af2,dc,1548130340561
MeUsLQwC,ecd989a9-7dce-48cb-9da5-26e2627c4af2,dc,1548648392880
Mf8plTTM,ecd989a9-7dce-48cb-9da5-26e2627c4af2,dc,1549771245593
MfbObIJm,ecd989a9-7dce-48cb-9da5-26e2627c4af2,dc,1549427346436
MXBpKbt3,ecd989a9-7dce-48cb-9da5-26e2627c4af2,dc,1543643097698
MXBsdiGc,ecd989a9-7dce-48cb-9da5-26e2627c4af2,dc,1543645391069
MXBpkNKE,ecd989a9-7dce-48cb-9da5-26e2627c4af2,dc,1543644384955
MXBqpT1-,ecd989a9-7dce-48cb-9da5-26e2627c4af2,dc,1543643043430
MXBp4eyD,ecd989a9-7dce-48cb-9da5-26e2627c4af2,dc,1543644381189
MXBrVMSN,ecd989a9-7dce-48cb-9da5-26e2627c4af2,dc,1543644399587
38f71363f0943de80fae31966acc9b8c,ecd989a9-7dce-48cb-9da5-26e2627c4af2,dc,1542519181653
3efac8f346751abbf84f0b90e73b3840,ecd989a9-7dce-48cb-9da5-26e2627c4af2,dc,1542347608702
2710a8263934e52236721e2a86e89b5c,ecd989a9-7dce-48cb-9da5-26e2627c4af2,dc,1542261095371
85b97e5c8066cb00279384fb1e529cfc,ecd989a9-7dce-48cb-9da5-26e2627c4af2,dc,1542087457099
b1ea60ea579d91795e21402508c57883,ecd989a9-7dce-48cb-9da5-26e2627c4af2,dc,1541656170314
42f100595c38ad44f800fb2eb35214c9,ecd989a9-7dce-48cb-9da5-26e2627c4af2,dc,1541310644858
MWItE_i1,ecd989a9-7dce-48cb-9da5-26e2627c4af2,dc,1543038074438
MeS3NbdX,ecd989a9-7dce-48cb-9da5-26e2627c4af2,dc,1548648054191
MjucEKB_,ecd989a9-7dce-48cb-9da5-26e2627c4af2,dc,1552364070707
MmUf9gGK,ecd989a9-7dce-48cb-9da5-26e2627c4af2,dc,1554178705988
Mhi8lyfl,ecd989a9-7dce-48cb-9da5-26e2627c4af2,dc,1550894330443
MbqmS6bx,ecd989a9-7dce-48cb-9da5-26e2627c4af2,dc,1546840568577
MhN9SGNF,ecd989a9-7dce-48cb-9da5-26e2627c4af2,dc,1550592911000
Mi0cofL2,ecd989a9-7dce-48cb-9da5-26e2627c4af2,dc,1551758027146
MaYVZNJ6,ecd989a9-7dce-48cb-9da5-26e2627c4af2,dc,1545978009002
Mow0tCBv,ecd989a9-7dce-48cb-9da5-26e2627c4af2,dc,1555819045024
MjZDA9Ue,ecd989a9-7dce-48cb-9da5-26e2627c4af2,dc,1552103147427
MVmFSDCk,ecd989a9-7dce-48cb-9da5-26e2627c4af2,dc,1542692207554
MY69VcPd,ecd989a9-7dce-48cb-9da5-26e2627c4af2,dc,1544940298062
MZLBE2FW,ecd989a9-7dce-48cb-9da5-26e2627c4af2,dc,1545114059211
MU6gx-vQ,ecd989a9-7dce-48cb-9da5-26e2627c4af2,dc,1542175668097
MbdUmJYW,ecd989a9-7dce-48cb-9da5-26e2627c4af2,dc,1546669412126
MbdRhOxe,ecd989a9-7dce-48cb-9da5-26e2627c4af2,dc,1546669400862
Mgh4cb7h,ecd989a9-7dce-48cb-9da5-26e2627c4af2,dc,1550203980375
MbdalyW5,ecd989a9-7dce-48cb-9da5-26e2627c4af2,dc,1546669384590
MfVCdeSr,ecd989a9-7dce-48cb-9da5-26e2627c4af2,dc,1549341237278
Mep30VVp,ecd989a9-7dce-48cb-9da5-26e2627c4af2,dc,1548908304398
MX2MvrCs,ecd989a9-7dce-48cb-9da5-26e2627c4af2,dc,1544248834988
Mkslx1GG,ecd989a9-7dce-48cb-9da5-26e2627c4af2,dc,1553053752585
MbdVZpbJ,ecd989a9-7dce-48cb-9da5-26e2627c4af2,dc,1546667967004
MT9FbVch,ecd989a9-7dce-48cb-9da5-26e2627c4af2,dc,1541569504346
MjaH98nR,ecd989a9-7dce-48cb-9da5-26e2627c4af2,dc,1552190732244
MfbE50C7,ecd989a9-7dce-48cb-9da5-26e2627c4af2,dc,1549426118957
MVE7mDeb,ecd989a9-7dce-48cb-9da5-26e2627c4af2,dc,1542348258915
MXBrq8hn,ecd989a9-7dce-48cb-9da5-26e2627c4af2,dc,1543643076822
MXBodxAc,ecd989a9-7dce-48cb-9da5-26e2627c4af2,dc,1543644363867
MZvcI6rR,ecd989a9-7dce-48cb-9da5-26e2627c4af2,dc,1545544518741
MemTPVtV,ecd989a9-7dce-48cb-9da5-26e2627c4af2,dc,1548823138534
Mfaza8-a,ecd989a9-7dce-48cb-9da5-26e2627c4af2,dc,1549425958855
MbdXm_r4,ecd989a9-7dce-48cb-9da5-26e2627c4af2,dc,1546669466661
MkW3JQH4,ecd989a9-7dce-48cb-9da5-26e2627c4af2,dc,1552794440140
MbLjrFG1,ecd989a9-7dce-48cb-9da5-26e2627c4af2,dc,1546496889041
MhimaURX,ecd989a9-7dce-48cb-9da5-26e2627c4af2,dc,1550895644475
MUn5B1K3,ecd989a9-7dce-48cb-9da5-26e2627c4af2,dc,1542002645873
Mbg-87lL,ecd989a9-7dce-48cb-9da5-26e2627c4af2,dc,1546754679754
MXBtE7CG,ecd989a9-7dce-48cb-9da5-26e2627c4af2,dc,1543643124309
MbdTB9xR,ecd989a9-7dce-48cb-9da5-26e2627c4af2,dc,1546669357276
MaCtgU97,ecd989a9-7dce-48cb-9da5-26e2627c4af2,dc,1545717223699
MXBp_D28,ecd989a9-7dce-48cb-9da5-26e2627c4af2,dc,1543644369585
MVG-r3UA,ecd989a9-7dce-48cb-9da5-26e2627c4af2,dc,1542347136821
MbT9WiyJ,ecd989a9-7dce-48cb-9da5-26e2627c4af2,dc,1546583550382
MVzHAdXu,ecd989a9-7dce-48cb-9da5-26e2627c4af2,dc,1542778612050
MbdVEUZ0,ecd989a9-7dce-48cb-9da5-26e2627c4af2,dc,1546667909963
MbuFjsWp,ecd989a9-7dce-48cb-9da5-26e2627c4af2,dc,1546840560249
Mats4UrM,ecd989a9-7dce-48cb-9da5-26e2627c4af2,dc,1546150452842
MpuFdF2X,ecd989a9-7dce-48cb-9da5-26e2627c4af2,dc,1556512137946
Mob0_-5-,ecd989a9-7dce-48cb-9da5-26e2627c4af2,dc,1555648078900
MelS7Kqq,ecd989a9-7dce-48cb-9da5-26e2627c4af2,dc,1548821797656
Me6jLe6C,ecd989a9-7dce-48cb-9da5-26e2627c4af2,dc,1549082276539
Molxm7A0,ecd989a9-7dce-48cb-9da5-26e2627c4af2,dc,1555732457096
MVMOVwNI,ecd989a9-7dce-48cb-9da5-26e2627c4af2,dc,1542434617272
MXBohQxk,ecd989a9-7dce-48cb-9da5-26e2627c4af2,dc,1543645362776
MbdTFr8p,ecd989a9-7dce-48cb-9da5-26e2627c4af2,dc,1546669414997
MXBqNNWO,ecd989a9-7dce-48cb-9da5-26e2627c4af2,dc,1543644340540
MpfA9p6v,ecd989a9-7dce-48cb-9da5-26e2627c4af2,dc,1556337396603
MXBmOs3v,ecd989a9-7dce-48cb-9da5-26e2627c4af2,dc,1543644342822
MdIHGG5M,ecd989a9-7dce-48cb-9da5-26e2627c4af2,dc,1547871140633
LsVduaMW,ecd989a9-7dce-48cb-9da5-26e2627c4af2,dc,1542261619191
MpVLo7_-,ecd989a9-7dce-48cb-9da5-26e2627c4af2,dc,1556251606844
MXBrZaVV,ecd989a9-7dce-48cb-9da5-26e2627c4af2,dc,1543643073222
MVxE2USV,ecd989a9-7dce-48cb-9da5-26e2627c4af2,dc,1542779919847
MpMzEhrd,ecd989a9-7dce-48cb-9da5-26e2627c4af2,dc,1556165120426
MUX_6YEj,ecd989a9-7dce-48cb-9da5-26e2627c4af2,dc,1541829931569
MXBprD2J,ecd989a9-7dce-48cb-9da5-26e2627c4af2,dc,1543644340785
MZRsm3Sz,ecd989a9-7dce-48cb-9da5-26e2627c4af2,dc,1545198761392
MXBnlql1,ecd989a9-7dce-48cb-9da5-26e2627c4af2,dc,1543643056198
MlIi53e2,ecd989a9-7dce-48cb-9da5-26e2627c4af2,dc,1553315159124
MgYfX5GQ,ecd989a9-7dce-48cb-9da5-26e2627c4af2,dc,1550119240320
MfVCu8m6,ecd989a9-7dce-48cb-9da5-26e2627c4af2,dc,1549339533270
MaxvpMYs,ecd989a9-7dce-48cb-9da5-26e2627c4af2,dc,1546237086394
Mgb8SIBL,ecd989a9-7dce-48cb-9da5-26e2627c4af2,dc,1550119315653
Mf9fQVd5,ecd989a9-7dce-48cb-9da5-26e2627c4af2,dc,1549771485921
MZ3Zj7Je,ecd989a9-7dce-48cb-9da5-26e2627c4af2,dc,1545632036679
Mll-Hkt_,ecd989a9-7dce-48cb-9da5-26e2627c4af2,dc,1553660443301
MmWoasgQ,ecd989a9-7dce-48cb-9da5-26e2627c4af2,dc,1554178726503
Mlaw8KV-,ecd989a9-7dce-48cb-9da5-26e2627c4af2,dc,1553574204340
MbdSxlFI,ecd989a9-7dce-48cb-9da5-26e2627c4af2,dc,1546668129422
MdVLyYUy,ecd989a9-7dce-48cb-9da5-26e2627c4af2,dc,1547956788837
MhiktGkG,ecd989a9-7dce-48cb-9da5-26e2627c4af2,dc,1550895817593
MXBspWaZ,ecd989a9-7dce-48cb-9da5-26e2627c4af2,dc,1543643056475
MZ7huVY8,ecd989a9-7dce-48cb-9da5-26e2627c4af2,dc,1545631879927
Mo4QcS3A,ecd989a9-7dce-48cb-9da5-26e2627c4af2,dc,1555907046793
MpCZw2Qh,ecd989a9-7dce-48cb-9da5-26e2627c4af2,dc,1555992317700
MdVOMPOH,ecd989a9-7dce-48cb-9da5-26e2627c4af2,dc,1547956766159
MfVCeZbx,ecd989a9-7dce-48cb-9da5-26e2627c4af2,dc,1549342290117
MWKSgKMF,ecd989a9-7dce-48cb-9da5-26e2627c4af2,dc,1543040366958
MVf7l92g,ecd989a9-7dce-48cb-9da5-26e2627c4af2,dc,1542607536899
MfVFnfwG,ecd989a9-7dce-48cb-9da5-26e2627c4af2,dc,1549339772758
MXBoOv8A,ecd989a9-7dce-48cb-9da5-26e2627c4af2,dc,1543644379865
MXBoKgeL,ecd989a9-7dce-48cb-9da5-26e2627c4af2,dc,1543644359727
MelXnPNT,ecd989a9-7dce-48cb-9da5-26e2627c4af2,dc,1548821792297
Md73cFdG,ecd989a9-7dce-48cb-9da5-26e2627c4af2,dc,1548390678444
MZRLCBI0,ecd989a9-7dce-48cb-9da5-26e2627c4af2,dc,1545198778441
MXBpn5Gg,ecd989a9-7dce-48cb-9da5-26e2627c4af2,dc,1543644374331
MkGkouvu,ecd989a9-7dce-48cb-9da5-26e2627c4af2,dc,1552625115095
MWv-kWq1,ecd989a9-7dce-48cb-9da5-26e2627c4af2,dc,1543470704573
Mob8kPF9,ecd989a9-7dce-48cb-9da5-26e2627c4af2,dc,1555648185058
MkAICa4U,ecd989a9-7dce-48cb-9da5-26e2627c4af2,dc,1552536005955
Me68IliH,ecd989a9-7dce-48cb-9da5-26e2627c4af2,dc,1549081031856
MYUMVzrT,ecd989a9-7dce-48cb-9da5-26e2627c4af2,dc,1544508685556
MfbGB-uo,ecd989a9-7dce-48cb-9da5-26e2627c4af2,dc,1549425799901
MhimYbCO,ecd989a9-7dce-48cb-9da5-26e2627c4af2,dc,1550895836686
MbdblG5I,ecd989a9-7dce-48cb-9da5-26e2627c4af2,dc,1546669474334
MXBnB5tK,ecd989a9-7dce-48cb-9da5-26e2627c4af2,dc,1543644364407
Mhc2Uswp,ecd989a9-7dce-48cb-9da5-26e2627c4af2,dc,1550808757494
MmNbcpE8,ecd989a9-7dce-48cb-9da5-26e2627c4af2,dc,1554090999155
MXBmSh1w,ecd989a9-7dce-48cb-9da5-26e2627c4af2,dc,1543644385368
MXBrnQOe,ecd989a9-7dce-48cb-9da5-26e2627c4af2,dc,1543643021768
Mmbg41b2,ecd989a9-7dce-48cb-9da5-26e2627c4af2,dc,1554266083319
MhimNi5P,ecd989a9-7dce-48cb-9da5-26e2627c4af2,dc,1550895669450
MXBpYaMR,ecd989a9-7dce-48cb-9da5-26e2627c4af2,dc,1543643106288
MZL-LBVv,ecd989a9-7dce-48cb-9da5-26e2627c4af2,dc,1545113422139
MaAf4Maw,ecd989a9-7dce-48cb-9da5-26e2627c4af2,dc,1545718286596
MpvRM4Tf,ecd989a9-7dce-48cb-9da5-26e2627c4af2,dc,1556513124791
c8879dabfc1c2f7fc4fd08b761f189ed,ecd989a9-7dce-48cb-9da5-26e2627c4af2,dc,1542519859319
MXBmjY1G,ecd989a9-7dce-48cb-9da5-26e2627c4af2,dc,1543644360408
MelXgaHE,ecd989a9-7dce-48cb-9da5-26e2627c4af2,dc,1548821651997
MepcfXA7,ecd989a9-7dce-48cb-9da5-26e2627c4af2,dc,1548910759680
Mfaz3RfJ,ecd989a9-7dce-48cb-9da5-26e2627c4af2,dc,1549427391061
MpMvtgsA,ecd989a9-7dce-48cb-9da5-26e2627c4af2,dc,1556166735381
MXBntfK-,ecd989a9-7dce-48cb-9da5-26e2627c4af2,dc,1543643045001
MkiT8xEE,ecd989a9-7dce-48cb-9da5-26e2627c4af2,dc,1552967299275
MovGqhg4,ecd989a9-7dce-48cb-9da5-26e2627c4af2,dc,1555820769992
uap_290ad5f3778189ce9eb1f4719dae7643,ecd989a9-7dce-48cb-9da5-26e2627c4af2,dc,1556166888727
MVUZ6ELj,ecd989a9-7dce-48cb-9da5-26e2627c4af2,dc,1542520912751
MVrML2M4,ecd989a9-7dce-48cb-9da5-26e2627c4af2,dc,1542694350406
MXBreZCF,ecd989a9-7dce-48cb-9da5-26e2627c4af2,dc,1543644393053
MksjoIHn,ecd989a9-7dce-48cb-9da5-26e2627c4af2,dc,1553055401504
MVIn6ooR,ecd989a9-7dce-48cb-9da5-26e2627c4af2,dc,1542348263601
MVJfrjde,ecd989a9-7dce-48cb-9da5-26e2627c4af2,dc,1542347100063
MXBnFQyM,ecd989a9-7dce-48cb-9da5-26e2627c4af2,dc,1543643081767
MhC0sts4,ecd989a9-7dce-48cb-9da5-26e2627c4af2,dc,1550549375564
MXBq8r7O,ecd989a9-7dce-48cb-9da5-26e2627c4af2,dc,1543643055190
MXBqS6Cr,ecd989a9-7dce-48cb-9da5-26e2627c4af2,dc,1543644354865
MaYV7gm8,ecd989a9-7dce-48cb-9da5-26e2627c4af2,dc,1545976584913
Mc3K3y-e,ecd989a9-7dce-48cb-9da5-26e2627c4af2,dc,1547699942265
MXBr4Ukw,ecd989a9-7dce-48cb-9da5-26e2627c4af2,dc,1543643062767
MXBrOdQe,ecd989a9-7dce-48cb-9da5-26e2627c4af2,dc,1543644369837
Mc3JhmIS,ecd989a9-7dce-48cb-9da5-26e2627c4af2,dc,1547699674052
Me7NLzH3,ecd989a9-7dce-48cb-9da5-26e2627c4af2,dc,1549080788902
MWGqXtNH,ecd989a9-7dce-48cb-9da5-26e2627c4af2,dc,1543037986874
MXBpD9mK,ecd989a9-7dce-48cb-9da5-26e2627c4af2,dc,1543644374611
c4f8b7402894e797d6113166782313d7,ecd989a9-7dce-48cb-9da5-26e2627c4af2,dc,1542434603273
MahlkSop,ecd989a9-7dce-48cb-9da5-26e2627c4af2,dc,1546064223629
MgwtFHo3,ecd989a9-7dce-48cb-9da5-26e2627c4af2,dc,1550376589240
Mj3eEk8p,ecd989a9-7dce-48cb-9da5-26e2627c4af2,dc,1552450592836
MYMPugSA,ecd989a9-7dce-48cb-9da5-26e2627c4af2,dc,1544420820813
Mc9JG_vJ,ecd989a9-7dce-48cb-9da5-26e2627c4af2,dc,1547699713969
MihKxRBv,ecd989a9-7dce-48cb-9da5-26e2627c4af2,dc,1551586075984
MVHT0ki6,ecd989a9-7dce-48cb-9da5-26e2627c4af2,dc,1542347149077
MXBoaXQu,ecd989a9-7dce-48cb-9da5-26e2627c4af2,dc,1543645367375
MfbGAO0C,ecd989a9-7dce-48cb-9da5-26e2627c4af2,dc,1549427448913
MYc7E3kn,ecd989a9-7dce-48cb-9da5-26e2627c4af2,dc,1544594195920
MZRybitX,ecd989a9-7dce-48cb-9da5-26e2627c4af2,dc,1545198736662
MhDvKKVN,ecd989a9-7dce-48cb-9da5-26e2627c4af2,dc,1550548373336
Ltp5m2oR,ecd989a9-7dce-48cb-9da5-26e2627c4af2,dc,1542520588315
MXBqeWzS,ecd989a9-7dce-48cb-9da5-26e2627c4af2,dc,1543644391420
Mpud_f3I,ecd989a9-7dce-48cb-9da5-26e2627c4af2,dc,1556510193033
MVInAUps,ecd989a9-7dce-48cb-9da5-26e2627c4af2,dc,1542347035105
MVPK1qLo,ecd989a9-7dce-48cb-9da5-26e2627c4af2,dc,1542434793345
MmM4RZoe,ecd989a9-7dce-48cb-9da5-26e2627c4af2,dc,1554092544500
MXBot6y2,ecd989a9-7dce-48cb-9da5-26e2627c4af2,dc,1543643123713
MbdYK3m2,ecd989a9-7dce-48cb-9da5-26e2627c4af2,dc,1546667910180
Mhi-OtR_,ecd989a9-7dce-48cb-9da5-26e2627c4af2,dc,1550894381886
MXBqmS12,ecd989a9-7dce-48cb-9da5-26e2627c4af2,dc,1543644385765
MkskF7si,ecd989a9-7dce-48cb-9da5-26e2627c4af2,dc,1553055441551
MmdOFOFs,ecd989a9-7dce-48cb-9da5-26e2627c4af2,dc,1554266314507
MXBrRuqt,ecd989a9-7dce-48cb-9da5-26e2627c4af2,dc,1543643086960
MjzMQilU,ecd989a9-7dce-48cb-9da5-26e2627c4af2,dc,1552450779105
Ml_3BfXX,ecd989a9-7dce-48cb-9da5-26e2627c4af2,dc,1553920651354
MXBs9Z6w,ecd989a9-7dce-48cb-9da5-26e2627c4af2,dc,1543643067504
MhTXvBdQ,ecd989a9-7dce-48cb-9da5-26e2627c4af2,dc,1550721280469
Ml3ka_qr,ecd989a9-7dce-48cb-9da5-26e2627c4af2,dc,1553833439304
MXBrDwR6,ecd989a9-7dce-48cb-9da5-26e2627c4af2,dc,1543643046594
MfbPmsE6,ecd989a9-7dce-48cb-9da5-26e2627c4af2,dc,1549425957008
MhLggPHc,ecd989a9-7dce-48cb-9da5-26e2627c4af2,dc,1550635443803
MXCT7Jnc,ecd989a9-7dce-48cb-9da5-26e2627c4af2,dc,1543644342676
MZRLN7rp,ecd989a9-7dce-48cb-9da5-26e2627c4af2,dc,1545198746793
Mg65JS4P,ecd989a9-7dce-48cb-9da5-26e2627c4af2,dc,1550462751781
MhEwasIJ,ecd989a9-7dce-48cb-9da5-26e2627c4af2,dc,1550548311931
MicVgJDX,ecd989a9-7dce-48cb-9da5-26e2627c4af2,dc,1551500325807
MjZ3DigR,ecd989a9-7dce-48cb-9da5-26e2627c4af2,dc,1552190971844
MXBm4lEG,ecd989a9-7dce-48cb-9da5-26e2627c4af2,dc,1543644438973
MfVDsw9v,ecd989a9-7dce-48cb-9da5-26e2627c4af2,dc,1549340936955
MfkcdBl9,ecd989a9-7dce-48cb-9da5-26e2627c4af2,dc,1549514202446
MXBo2Lv3,ecd989a9-7dce-48cb-9da5-26e2627c4af2,dc,1543643027875
MYgtiI9k,ecd989a9-7dce-48cb-9da5-26e2627c4af2,dc,1544682013876
MamJyv-n,ecd989a9-7dce-48cb-9da5-26e2627c4af2,dc,1546151242532
MXBmz51M,ecd989a9-7dce-48cb-9da5-26e2627c4af2,dc,1543643056904
MXBoWMEt,ecd989a9-7dce-48cb-9da5-26e2627c4af2,dc,1543644388054
Mll5-SyF,ecd989a9-7dce-48cb-9da5-26e2627c4af2,dc,1553660542724
MXBnJSSI,ecd989a9-7dce-48cb-9da5-26e2627c4af2,dc,1543644394032
MXBq4KDA,ecd989a9-7dce-48cb-9da5-26e2627c4af2,dc,1543643127197
MaYYJNKM,ecd989a9-7dce-48cb-9da5-26e2627c4af2,dc,1545978050188
MXBqwU6Y,ecd989a9-7dce-48cb-9da5-26e2627c4af2,dc,1543643054673
MXBslkK_,ecd989a9-7dce-48cb-9da5-26e2627c4af2,dc,1543644421497
MlhM4Dcj,ecd989a9-7dce-48cb-9da5-26e2627c4af2,dc,1553573215012
MXBou9j2,ecd989a9-7dce-48cb-9da5-26e2627c4af2,dc,1543643046577
MXBtBHZ9,ecd989a9-7dce-48cb-9da5-26e2627c4af2,dc,1543643035025
MYaeB8xZ,ecd989a9-7dce-48cb-9da5-26e2627c4af2,dc,1544593764938
MXBq44a4,ecd989a9-7dce-48cb-9da5-26e2627c4af2,dc,1543643056736
uap_bdfba38d64de7733ba4ff1b6858f5fa8,ecd989a9-7dce-48cb-9da5-26e2627c4af2,dc,1553919838167
MXBoTIkW,ecd989a9-7dce-48cb-9da5-26e2627c4af2,dc,1543643074452
uap_a5394248e8530647af92b8480e535e36,ecd989a9-7dce-48cb-9da5-26e2627c4af2,dc,1556165040514
5fd2d05b6f05fa84bfd0f740289f8d4c,ecd989a9-7dce-48cb-9da5-26e2627c4af2,dc,1542519356665
Ma26GRe5,ecd989a9-7dce-48cb-9da5-26e2627c4af2,dc,1546322745615
8e26ce554646e6298555debeeef864bf,ecd989a9-7dce-48cb-9da5-26e2627c4af2,dc,1545631380744
MXBmvR0Z,ecd989a9-7dce-48cb-9da5-26e2627c4af2,dc,1543644374323
MVImd3Jw,ecd989a9-7dce-48cb-9da5-26e2627c4af2,dc,1542348264052
Md73vHL8,ecd989a9-7dce-48cb-9da5-26e2627c4af2,dc,1548392135765
MaXXwH5h,ecd989a9-7dce-48cb-9da5-26e2627c4af2,dc,1545978026279
MbxMsh-t,ecd989a9-7dce-48cb-9da5-26e2627c4af2,dc,1546928613566
KyNXK18k,ecd989a9-7dce-48cb-9da5-26e2627c4af2,dc,1542434005558
MhjANb54,ecd989a9-7dce-48cb-9da5-26e2627c4af2,dc,1550894291089
Mb2O9by_,ecd989a9-7dce-48cb-9da5-26e2627c4af2,dc,1546929746136
MpVL9shn,ecd989a9-7dce-48cb-9da5-26e2627c4af2,dc,1556253524679
MXBmgdwx,ecd989a9-7dce-48cb-9da5-26e2627c4af2,dc,1543643011671
Mfa8NQWd,ecd989a9-7dce-48cb-9da5-26e2627c4af2,dc,1549425895132
MVInGRZA,ecd989a9-7dce-48cb-9da5-26e2627c4af2,dc,1542347145945
MpcFqFeb,ecd989a9-7dce-48cb-9da5-26e2627c4af2,dc,1556337291083
MXBsZpHm,ecd989a9-7dce-48cb-9da5-26e2627c4af2,dc,1543644349987
MpddoLAr,ecd989a9-7dce-48cb-9da5-26e2627c4af2,dc,1556339037596
MdzgdrYz,ecd989a9-7dce-48cb-9da5-26e2627c4af2,dc,1548303436355
MihKz-Ct,ecd989a9-7dce-48cb-9da5-26e2627c4af2,dc,1551586211142
MXBshhYt,ecd989a9-7dce-48cb-9da5-26e2627c4af2,dc,1543644413911
MhilEK4m,ecd989a9-7dce-48cb-9da5-26e2627c4af2,dc,1550895687822
MaSDqHfK,ecd989a9-7dce-48cb-9da5-26e2627c4af2,dc,1545890276016
Mj4_MX5w,ecd989a9-7dce-48cb-9da5-26e2627c4af2,dc,1552448949850
MXBn03n4,ecd989a9-7dce-48cb-9da5-26e2627c4af2,dc,1543644380034
Mp4SYSW7,ecd989a9-7dce-48cb-9da5-26e2627c4af2,dc,1556598726284
MaXX1U3B,ecd989a9-7dce-48cb-9da5-26e2627c4af2,dc,1545977968933
MfqnajWQ,ecd989a9-7dce-48cb-9da5-26e2627c4af2,dc,1549599281256
MXBnIh-u,ecd989a9-7dce-48cb-9da5-26e2627c4af2,dc,1543644379933
Me6xoRyt,ecd989a9-7dce-48cb-9da5-26e2627c4af2,dc,1549080839156
MbPtpOUI,ecd989a9-7dce-48cb-9da5-26e2627c4af2,dc,1546582348264
Mll6UDUO,ecd989a9-7dce-48cb-9da5-26e2627c4af2,dc,1553660412174
Mahldsim,ecd989a9-7dce-48cb-9da5-26e2627c4af2,dc,1546062755691
Mhi9sNMb,ecd989a9-7dce-48cb-9da5-26e2627c4af2,dc,1550894332528
Me7KxkMO,ecd989a9-7dce-48cb-9da5-26e2627c4af2,dc,1549080826967
Mhi9Xufi,ecd989a9-7dce-48cb-9da5-26e2627c4af2,dc,1550894327237
MXBpKx04,ecd989a9-7dce-48cb-9da5-26e2627c4af2,dc,1543644357505
Mb2PA4HF,ecd989a9-7dce-48cb-9da5-26e2627c4af2,dc,1546928575183
MW2ggHtx,ecd989a9-7dce-48cb-9da5-26e2627c4af2,dc,1543557758763
MfVGYJxc,ecd989a9-7dce-48cb-9da5-26e2627c4af2,dc,1549339489637
MktzTF_A,ecd989a9-7dce-48cb-9da5-26e2627c4af2,dc,1553053729903
Mo8MJhqD,ecd989a9-7dce-48cb-9da5-26e2627c4af2,dc,1555991918471
Me7M8uRQ,ecd989a9-7dce-48cb-9da5-26e2627c4af2,dc,1549082452544
MkMHqGJW,ecd989a9-7dce-48cb-9da5-26e2627c4af2,dc,1552708821893
MXBoDien,ecd989a9-7dce-48cb-9da5-26e2627c4af2,dc,1543644364583
MfA1D7mO,ecd989a9-7dce-48cb-9da5-26e2627c4af2,dc,1549168948882
MXBtNGhB,ecd989a9-7dce-48cb-9da5-26e2627c4af2,dc,1543644374798
MmM4S3fK,ecd989a9-7dce-48cb-9da5-26e2627c4af2,dc,1554090774974
MXBosARa,ecd989a9-7dce-48cb-9da5-26e2627c4af2,dc,1543645348255
MkRlGtTH,ecd989a9-7dce-48cb-9da5-26e2627c4af2,dc,1552709069155
MbdSqxw3,ecd989a9-7dce-48cb-9da5-26e2627c4af2,dc,1546668145403
MonKfL9A,ecd989a9-7dce-48cb-9da5-26e2627c4af2,dc,1555732462053
MV34mfni,ecd989a9-7dce-48cb-9da5-26e2627c4af2,dc,1542867135571
MfVGWhkZ,ecd989a9-7dce-48cb-9da5-26e2627c4af2,dc,1549339795095
Md72t04i,ecd989a9-7dce-48cb-9da5-26e2627c4af2,dc,1548392410397
Mky6fJAq,ecd989a9-7dce-48cb-9da5-26e2627c4af2,dc,1553140754922
MgAn75io,ecd989a9-7dce-48cb-9da5-26e2627c4af2,dc,1549859326589
Mhi7gY64,ecd989a9-7dce-48cb-9da5-26e2627c4af2,dc,1550894542888
LQPUkGhx,ecd989a9-7dce-48cb-9da5-26e2627c4af2,dc,1542434328104
MfbGEHCd,ecd989a9-7dce-48cb-9da5-26e2627c4af2,dc,1549427362002
MXBnPjrK,ecd989a9-7dce-48cb-9da5-26e2627c4af2,dc,1543644420937
Mhi7jlTO,ecd989a9-7dce-48cb-9da5-26e2627c4af2,dc,1550894343523
MXBmLOOM,ecd989a9-7dce-48cb-9da5-26e2627c4af2,dc,1543644371491
MiGibKaI,ecd989a9-7dce-48cb-9da5-26e2627c4af2,dc,1551241370232
MXBoOXAD,ecd989a9-7dce-48cb-9da5-26e2627c4af2,dc,1543643018212
MinmyQ6K,ecd989a9-7dce-48cb-9da5-26e2627c4af2,dc,1551584678190
MU3pyHl_,ecd989a9-7dce-48cb-9da5-26e2627c4af2,dc,1542174508678
MXBrLWMp,ecd989a9-7dce-48cb-9da5-26e2627c4af2,dc,1543643046254
MU6SSfe6,ecd989a9-7dce-48cb-9da5-26e2627c4af2,dc,1542176574120
MWSPeLN_,ecd989a9-7dce-48cb-9da5-26e2627c4af2,dc,1543125541253
McJUd5p1,ecd989a9-7dce-48cb-9da5-26e2627c4af2,dc,1547187877390
Me6yDZZN,ecd989a9-7dce-48cb-9da5-26e2627c4af2,dc,1549080831220
MXBnvusb,ecd989a9-7dce-48cb-9da5-26e2627c4af2,dc,1543644380542
MYUNQaYY,ecd989a9-7dce-48cb-9da5-26e2627c4af2,dc,1544507392673
MX1XCUG7,ecd989a9-7dce-48cb-9da5-26e2627c4af2,dc,1544250051603
MYERW8wK,ecd989a9-7dce-48cb-9da5-26e2627c4af2,dc,1544336270009
MVMOcHnb,ecd989a9-7dce-48cb-9da5-26e2627c4af2,dc,1542433679744
Mat-7Gt9,ecd989a9-7dce-48cb-9da5-26e2627c4af2,dc,1546149614223
MXBtEuXF,ecd989a9-7dce-48cb-9da5-26e2627c4af2,dc,1543643039006
MZxng5J6,ecd989a9-7dce-48cb-9da5-26e2627c4af2,dc,1545544555501
MX-x052y,ecd989a9-7dce-48cb-9da5-26e2627c4af2,dc,1544336154758
MZRLTDZ1,ecd989a9-7dce-48cb-9da5-26e2627c4af2,dc,1545198758980
Mhi_k6_R,ecd989a9-7dce-48cb-9da5-26e2627c4af2,dc,1550894544283
MiWayzp4,ecd989a9-7dce-48cb-9da5-26e2627c4af2,dc,1551411971983
Mi0idv0j,ecd989a9-7dce-48cb-9da5-26e2627c4af2,dc,1551759559442
Ml_3aDrg,ecd989a9-7dce-48cb-9da5-26e2627c4af2,dc,1553920700058
MXBm-mH0,ecd989a9-7dce-48cb-9da5-26e2627c4af2,dc,1543643126484
MXBshyz_,ecd989a9-7dce-48cb-9da5-26e2627c4af2,dc,1543643034357
MXBmfwfo,ecd989a9-7dce-48cb-9da5-26e2627c4af2,dc,1543644411353
MXBpHmjN,ecd989a9-7dce-48cb-9da5-26e2627c4af2,dc,1543644353207
MXBn2TUx,ecd989a9-7dce-48cb-9da5-26e2627c4af2,dc,1543644374345
MXBtA--x,ecd989a9-7dce-48cb-9da5-26e2627c4af2,dc,1543643047126
MXBo2AC5,ecd989a9-7dce-48cb-9da5-26e2627c4af2,dc,1543643039935
MXBs9vai,ecd989a9-7dce-48cb-9da5-26e2627c4af2,dc,1543645386085
uap_2ce10d6b35fe9421ceba6a8e6b4586f5,ecd989a9-7dce-48cb-9da5-26e2627c4af2,dc,1556166927656
uap_d619c160ec6c435a31616e9f48376e1a,ecd989a9-7dce-48cb-9da5-26e2627c4af2,dc,1554179175031
2a8f1d150e41439ab1eb963e8efc01f4,ecd989a9-7dce-48cb-9da5-26e2627c4af2,dc,1542434901509
7795f5d86f8a3f12fa2103ff458beb8f,ecd989a9-7dce-48cb-9da5-26e2627c4af2,dc,1542434945761
af7a940a00b5f129fa9919c231cdcf21,ecd989a9-7dce-48cb-9da5-26e2627c4af2,dc,1542349218048
53a6c955cdf6528511a82029413590b5,ecd989a9-7dce-48cb-9da5-26e2627c4af2,dc,1545975773978
MXBsSOZY,ecd989a9-7dce-48cb-9da5-26e2627c4af2,dc,1543643055487
MXBqQMJK,ecd989a9-7dce-48cb-9da5-26e2627c4af2,dc,1543643069871
Mg1uVlcv,ecd989a9-7dce-48cb-9da5-26e2627c4af2,dc,1550376538895
Met_TCoS,ecd989a9-7dce-48cb-9da5-26e2627c4af2,dc,1548909653713
MWIfJ1Mv,ecd989a9-7dce-48cb-9da5-26e2627c4af2,dc,1543039127305
MXi3UDU0,ecd989a9-7dce-48cb-9da5-26e2627c4af2,dc,1543989751209
Me6jRiQh,ecd989a9-7dce-48cb-9da5-26e2627c4af2,dc,1549082587070
MWVsgRAE,ecd989a9-7dce-48cb-9da5-26e2627c4af2,dc,1543211958911
MYXSwTM2,ecd989a9-7dce-48cb-9da5-26e2627c4af2,dc,1544594108536
MpFainYR,ecd989a9-7dce-48cb-9da5-26e2627c4af2,dc,1556081810558
MXBoOmtK,ecd989a9-7dce-48cb-9da5-26e2627c4af2,dc,1543643044474
Mll93PhB,ecd989a9-7dce-48cb-9da5-26e2627c4af2,dc,1553660437857
MbdTsTbj,ecd989a9-7dce-48cb-9da5-26e2627c4af2,dc,1546667983695
Mp_6gX1d,ecd989a9-7dce-48cb-9da5-26e2627c4af2,dc,1556683307441
MYgqpDOw,ecd989a9-7dce-48cb-9da5-26e2627c4af2,dc,1544680955904
MfbP8vSs,ecd989a9-7dce-48cb-9da5-26e2627c4af2,dc,1549427466932
Mhd41GN1,ecd989a9-7dce-48cb-9da5-26e2627c4af2,dc,1550808932660
MXBq8AoJ,ecd989a9-7dce-48cb-9da5-26e2627c4af2,dc,1543644358574
MXBp6RWW,ecd989a9-7dce-48cb-9da5-26e2627c4af2,dc,1543643049067
MfbFIRUM,ecd989a9-7dce-48cb-9da5-26e2627c4af2,dc,1549425871951
Mhikllgd,ecd989a9-7dce-48cb-9da5-26e2627c4af2,dc,1550895634325
Ma25MA6f,ecd989a9-7dce-48cb-9da5-26e2627c4af2,dc,1546322547705
MZRyWX4S,ecd989a9-7dce-48cb-9da5-26e2627c4af2,dc,1545201075275
MXBmnmhj,ecd989a9-7dce-48cb-9da5-26e2627c4af2,dc,1543643063326
MbcrYN6x,ecd989a9-7dce-48cb-9da5-26e2627c4af2,dc,1546669467250
MYPnFSPV,ecd989a9-7dce-48cb-9da5-26e2627c4af2,dc,1544508880792
MmH-vLIu,ecd989a9-7dce-48cb-9da5-26e2627c4af2,dc,1554004155449
MZRLS5Y1,ecd989a9-7dce-48cb-9da5-26e2627c4af2,dc,1545198567719
MkRlkQjB,ecd989a9-7dce-48cb-9da5-26e2627c4af2,dc,1552711571598
MfbHw6ho,ecd989a9-7dce-48cb-9da5-26e2627c4af2,dc,1549426076009
MZa6xjGr,ecd989a9-7dce-48cb-9da5-26e2627c4af2,dc,1545285541696
MXBnMJx-,ecd989a9-7dce-48cb-9da5-26e2627c4af2,dc,1543644364774
MfHI7Txx,ecd989a9-7dce-48cb-9da5-26e2627c4af2,dc,1549166682158
MpPvuVDd,ecd989a9-7dce-48cb-9da5-26e2627c4af2,dc,1556164927793
MhbUOYv_,ecd989a9-7dce-48cb-9da5-26e2627c4af2,dc,1550807612752
Mfa8OQI4,ecd989a9-7dce-48cb-9da5-26e2627c4af2,dc,1549427398364
MZ9P7kSO,ecd989a9-7dce-48cb-9da5-26e2627c4af2,dc,1545632909730
Me6xsjX6,ecd989a9-7dce-48cb-9da5-26e2627c4af2,dc,1549080877371
MXBpb5Ii,ecd989a9-7dce-48cb-9da5-26e2627c4af2,dc,1543644369657
MbdY9tte,ecd989a9-7dce-48cb-9da5-26e2627c4af2,dc,1546669357904
Mkq_j8_s,ecd989a9-7dce-48cb-9da5-26e2627c4af2,dc,1553055408104
Ml_56GZA,ecd989a9-7dce-48cb-9da5-26e2627c4af2,dc,1553918234262
MkM8sD5f,ecd989a9-7dce-48cb-9da5-26e2627c4af2,dc,1552711501543
MYmhKInz,ecd989a9-7dce-48cb-9da5-26e2627c4af2,dc,1544768660500
MXBn87Fx,ecd989a9-7dce-48cb-9da5-26e2627c4af2,dc,1543643074636
MjaIHK9-,ecd989a9-7dce-48cb-9da5-26e2627c4af2,dc,1552189716580
MXRCrqzv,ecd989a9-7dce-48cb-9da5-26e2627c4af2,dc,1543816322680
MfTeRhHE,ecd989a9-7dce-48cb-9da5-26e2627c4af2,dc,1549341035591
MgR3ULd9,ecd989a9-7dce-48cb-9da5-26e2627c4af2,dc,1550032309588
MXBs3Yju,ecd989a9-7dce-48cb-9da5-26e2627c4af2,dc,1543644399658
MXBoG0GE,ecd989a9-7dce-48cb-9da5-26e2627c4af2,dc,1543644376944
MXBm37Ub,ecd989a9-7dce-48cb-9da5-26e2627c4af2,dc,1543644393231
MXBrK-Xx,ecd989a9-7dce-48cb-9da5-26e2627c4af2,dc,1543644372349
MXBn5ihg,ecd989a9-7dce-48cb-9da5-26e2627c4af2,dc,1543644420903
Me6xiJRU,ecd989a9-7dce-48cb-9da5-26e2627c4af2,dc,1549082454384
MfbFDfAi,ecd989a9-7dce-48cb-9da5-26e2627c4af2,dc,1549427627667
MXBp17gG,ecd989a9-7dce-48cb-9da5-26e2627c4af2,dc,1543644376353
MbdbQM14,ecd989a9-7dce-48cb-9da5-26e2627c4af2,dc,1546668176922
MhTXxb0m,ecd989a9-7dce-48cb-9da5-26e2627c4af2,dc,1550721095631
MbdUE3ek,ecd989a9-7dce-48cb-9da5-26e2627c4af2,dc,1546667939774
MksjQCxI,ecd989a9-7dce-48cb-9da5-26e2627c4af2,dc,1553055318319
MUa-nzJF,ecd989a9-7dce-48cb-9da5-26e2627c4af2,dc,1541828671187
MUPYfyTM,ecd989a9-7dce-48cb-9da5-26e2627c4af2,dc,1541747003535
MXBrH2rv,ecd989a9-7dce-48cb-9da5-26e2627c4af2,dc,1543644395382
MelS9cAu,ecd989a9-7dce-48cb-9da5-26e2627c4af2,dc,1548821689102
Mkslg9Rx,ecd989a9-7dce-48cb-9da5-26e2627c4af2,dc,1553053775649
MXBsCWWI,ecd989a9-7dce-48cb-9da5-26e2627c4af2,dc,1543644364747
MXBrZqxV,ecd989a9-7dce-48cb-9da5-26e2627c4af2,dc,1543643056636
MWSP0CS0,ecd989a9-7dce-48cb-9da5-26e2627c4af2,dc,1543125551459
MVHNlfbA,ecd989a9-7dce-48cb-9da5-26e2627c4af2,dc,1542347007570
Ml-VTxIL,ecd989a9-7dce-48cb-9da5-26e2627c4af2,dc,1553919358807
MVMVFJPv,ecd989a9-7dce-48cb-9da5-26e2627c4af2,dc,1542434778858
MXBprXEg,ecd989a9-7dce-48cb-9da5-26e2627c4af2,dc,1543644364739
Mhil5iG3,ecd989a9-7dce-48cb-9da5-26e2627c4af2,dc,1550894371076
MXBoaV5Y,ecd989a9-7dce-48cb-9da5-26e2627c4af2,dc,1543643042250
MXBrSG30,ecd989a9-7dce-48cb-9da5-26e2627c4af2,dc,1543643091049
Mi5vtzeo,ecd989a9-7dce-48cb-9da5-26e2627c4af2,dc,1551845834589
MXBmx0ux,ecd989a9-7dce-48cb-9da5-26e2627c4af2,dc,1543643042643
MoppBmUe,ecd989a9-7dce-48cb-9da5-26e2627c4af2,dc,1555734154531
MXBpEEKH,ecd989a9-7dce-48cb-9da5-26e2627c4af2,dc,1543644353569
MVlk-Izp,ecd989a9-7dce-48cb-9da5-26e2627c4af2,dc,1542692376984
Mll5MpeK,ecd989a9-7dce-48cb-9da5-26e2627c4af2,dc,1553660348549
MXBqQlh6,ecd989a9-7dce-48cb-9da5-26e2627c4af2,dc,1543643123926
Mll9E5dr,ecd989a9-7dce-48cb-9da5-26e2627c4af2,dc,1553661482623
MkeNw20b,ecd989a9-7dce-48cb-9da5-26e2627c4af2,dc,1552882836562
MYUL5yCj,ecd989a9-7dce-48cb-9da5-26e2627c4af2,dc,1544507707851
MYsTsINn,ecd989a9-7dce-48cb-9da5-26e2627c4af2,dc,1544768659117
MhioLZMN,ecd989a9-7dce-48cb-9da5-26e2627c4af2,dc,1550895700852
MVHNYeba,ecd989a9-7dce-48cb-9da5-26e2627c4af2,dc,1542348261466
MbXrcXpY,ecd989a9-7dce-48cb-9da5-26e2627c4af2,dc,1546669372501
MXBoqxJN,ecd989a9-7dce-48cb-9da5-26e2627c4af2,dc,1543644340664
Mhi9PHhA,ecd989a9-7dce-48cb-9da5-26e2627c4af2,dc,1550895560701
MXBsAAN2,ecd989a9-7dce-48cb-9da5-26e2627c4af2,dc,1543644353292
MXBqa4ER,ecd989a9-7dce-48cb-9da5-26e2627c4af2,dc,1543643034408
MhKoA6ig,ecd989a9-7dce-48cb-9da5-26e2627c4af2,dc,1550636704293
MXBsWFUB,ecd989a9-7dce-48cb-9da5-26e2627c4af2,dc,1543643062957
MarogNFH,ecd989a9-7dce-48cb-9da5-26e2627c4af2,dc,1546149164336
MR_XPP39,ecd989a9-7dce-48cb-9da5-26e2627c4af2,dc,1542346955007
Mjcy6eJA,ecd989a9-7dce-48cb-9da5-26e2627c4af2,dc,1552189460052
MpVL5eiZ,ecd989a9-7dce-48cb-9da5-26e2627c4af2,dc,1556251880914
MjrSP_pf,ecd989a9-7dce-48cb-9da5-26e2627c4af2,dc,1552362420651
MVJf0rrL,ecd989a9-7dce-48cb-9da5-26e2627c4af2,dc,1542348290389
MaYVwGd6,ecd989a9-7dce-48cb-9da5-26e2627c4af2,dc,1545976537739
Mbck6Utf,ecd989a9-7dce-48cb-9da5-26e2627c4af2,dc,1546668092340
MgdidIo2,ecd989a9-7dce-48cb-9da5-26e2627c4af2,dc,1550118012890
MXBpn7JJ,ecd989a9-7dce-48cb-9da5-26e2627c4af2,dc,1543643033016
MXBpvG0p,ecd989a9-7dce-48cb-9da5-26e2627c4af2,dc,1543645367882
Me6yg0A5,ecd989a9-7dce-48cb-9da5-26e2627c4af2,dc,1549082433243
MXBqxZJQ,ecd989a9-7dce-48cb-9da5-26e2627c4af2,dc,1543644359918
MbdUi0ET,ecd989a9-7dce-48cb-9da5-26e2627c4af2,dc,1546669396579
MhilefGH,ecd989a9-7dce-48cb-9da5-26e2627c4af2,dc,1550894264242
Mhd4eQbC,ecd989a9-7dce-48cb-9da5-26e2627c4af2,dc,1550808787048
MXBqp5yE,ecd989a9-7dce-48cb-9da5-26e2627c4af2,dc,1543643038686
